Player,Team,Position,Age,Date of Birth,Birth Country,Height (in),Weight (lbs),Draft Year,Draft Team,Draft Round,Round Pick,Overall Draft Position
Zdeno Chara,NYI,D,47,1977-03-18,SVK,81,250,1996,NYI,3,4,56
Joe Thornton,FLA,C,44,1979-07-02,CAN,76,220,1997,BOS,1,1,1
Jason Spezza,TOR,C,40,1983-06-13,CAN,75,219,2001,OTT,1,2,2
Duncan Keith,EDM,D,40,1983-07-16,CAN,73,192,2002,CHI,2,24,54
Ryan Suter,DAL,D,39,1985-01-21,USA,73,205,2003,NSH,1,7,7
Jeff Carter,PIT,C,39,1985-01-01,CAN,75,219,2003,PHI,1,11,11
Dustin Brown,L.A,"L, R",39,1984-11-04,USA,72,205,2003,L.A,1,13,13
Zach Parise,NYI,L,39,1984-07-28,USA,71,195,2003,N.J,1,17,17
Ryan Getzlaf,ANA,C,38,1985-05-10,CAN,76,220,2003,ANA,1,19,19
Brent Burns,S.J,D,39,1985-03-09,CAN,77,230,2003,MIN,1,20,20
Brian Boyle,PIT,C,39,1984-12-18,USA,78,245,2003,L.A,1,26,26
Corey Perry,T.B,R,38,1985-05-16,CAN,75,208,2003,ANA,1,28,28
Loui Eriksson,ARI,L,38,1985-07-17,SWE,74,179,2003,DAL,2,3,33
Patrice Bergeron,BOS,C,38,1985-07-24,CAN,73,196,2003,BOS,2,15,45
Brad Richardson,"CGY, VAN",R,39,1985-02-04,CAN,72,190,2003,COL,5,27,163
Nate Thompson,PHI,C,39,1984-10-05,USA,73,205,2003,BOS,6,16,183
Joe Pavelski,DAL,C,39,1984-07-11,USA,71,200,2003,S.J,7,8,205
Mark Giordano,"SEA, TOR",D,40,1983-10-03,CAN,72,205,-,-,-,-,-
Alex Ovechkin,WSH,L,38,1985-09-17,RUS,75,238,2004,WSH,1,1,1
Evgeni Malkin,PIT,C,37,1986-07-31,RUS,75,195,2004,PIT,1,2,2
Andrew Ladd,ARI,L,38,1985-12-12,CAN,75,205,2004,CAR,1,4,4
Blake Wheeler,WPG,R,37,1986-08-31,USA,77,220,2004,PHX,1,5,5
Alexander Radulov,DAL,R,37,1986-07-05,RUS,73,200,2004,NSH,1,15,15
Blake Comeau,DAL,L,38,1986-02-18,CAN,73,200,2004,NYI,2,17,47
Alex Goligoski,MIN,D,38,1985-07-30,USA,71,173,2004,PIT,2,31,61
Andrej Sekera,DAL,D,37,1986-06-08,SVK,72,200,2004,BUF,3,6,71
Alexander Edler,L.A,D,37,1986-04-21,SWE,76,210,2004,VAN,3,26,91
Paul Stastny,WPG,C,38,1985-12-27,CAN,72,193,2005,COL,2,14,44
Sidney Crosby,PIT,C,36,1987-08-07,CAN,71,200,2005,PIT,1,1,1
Jack Johnson,COL,D,37,1987-01-13,USA,73,227,2005,CAR,1,3,3
Anze Kopitar,L.A,C,36,1987-08-24,SVN,75,225,2005,L.A,1,11,11
Marc Staal,DET,D,37,1987-01-13,CAN,76,208,2005,NYR,1,12,12
T.J. Oshie,WSH,R,37,1986-12-23,USA,72,187,2005,STL,1,24,24
Andrew Cogliano,"COL, S.J",C,36,1987-06-14,CAN,70,179,2005,EDM,1,25,25
James Neal,STL,L,36,1987-09-03,CAN,75,212,2005,DAL,2,3,33
Marc-Edouard Vlasic,S.J,D,36,1987-03-30,CAN,73,205,2005,S.J,2,5,35
Kris Letang,PIT,D,36,1987-04-24,CAN,72,201,2005,PIT,3,1,62
Kris Russell,EDM,D,36,1987-05-02,CAN,70,170,2005,CBJ,3,6,67
Keith Yandle,PHI,D,37,1986-09-09,USA,73,192,2005,PHX,4,14,105
Darren Helm,COL,C,37,1987-01-21,CAN,72,192,2005,DET,5,7,132
Ryan Reaves,NYR,R,37,1987-01-20,CAN,74,225,2005,STL,5,31,156
Anton Stralman,ARI,D,37,1986-08-01,SWE,71,193,2005,TOR,7,22,216
Patric Hornqvist,FLA,R,37,1987-01-01,SWE,71,189,2005,NSH,7,36,230
Andy Greene,NYI,D,41,1982-10-30,USA,71,190,-,-,-,-,-
Alex Biega,TOR,D,35,1988-04-04,CAN,70,195,2006,BUF,5,24,147
Brad Marchand,BOS,L,35,1988-05-11,CAN,69,176,2006,BOS,3,8,71
Nick Foligno,BOS,L,36,1987-10-31,USA,72,210,2006,OTT,1,28,28
Erik Johnson,COL,D,36,1988-03-21,USA,76,225,2006,STL,1,1,1
Kyle Okposo,BUF,R,35,1988-04-16,USA,72,218,2006,NYI,1,7,7
Trevor Lewis,CGY,C,37,1987-01-08,USA,73,201,2006,L.A,1,17,17
Leo Komarov,NYI,R,37,1987-01-23,EST,71,205,2006,TOR,6,27,180
Milan Lucic,CGY,L,35,1988-06-07,CAN,75,240,2006,BOS,2,20,50
Cal Clutterbuck,NYI,R,36,1987-11-18,CAN,72,212,2006,MIN,3,9,72
Jeff Petry,MTL,D,36,1987-12-09,USA,75,209,2006,EDM,2,15,45
Claude Giroux,"FLA, PHI","C, R",36,1988-01-12,CAN,71,190,2006,PHI,1,22,22
Jordan Staal,CAR,C,35,1988-09-10,CAN,76,220,2006,PIT,1,2,2
Derick Brassard,"EDM, PHI",C,36,1987-09-22,CAN,73,200,2006,CBJ,1,6,6
Phil Kessel,ARI,"C, R",36,1987-10-02,USA,71,208,2006,BOS,1,5,5
Nicklas Backstrom,WSH,C,36,1987-11-23,SWE,73,202,2006,WSH,1,4,4
Jonathan Toews,CHI,C,35,1988-04-29,CAN,74,201,2006,CHI,1,3,3
Mathieu Perreault,MTL,C,36,1988-01-05,CAN,70,189,2006,WSH,6,24,177
Alex Killorn,T.B,"C, L",34,1989-09-14,CAN,73,194,2007,T.B,3,16,77
Jamie Benn,DAL,L,34,1989-07-18,CAN,74,205,2007,DAL,5,8,129
Nick Bonino,S.J,C,35,1988-04-20,USA,73,195,2007,S.J,6,22,173
Ian Cole,CAR,D,35,1989-02-21,USA,73,225,2007,STL,1,18,18
Justin Braun,"NYR, PHI",D,37,1987-02-10,USA,74,205,2007,S.J,7,20,201
Kevin Shattenkirk,ANA,D,35,1989-01-29,USA,72,212,2007,COL,1,14,14
Pat Maroon,T.B,L,35,1988-04-23,USA,75,234,2007,PHI,6,10,161
James van Riemsdyk,PHI,L,34,1989-05-04,USA,75,208,2007,PHI,1,2,2
Paul Byron,MTL,L,34,1989-04-27,CAN,69,164,2007,BUF,6,28,179
Sam Gagner,DET,C,34,1989-08-10,CAN,71,201,2007,EDM,1,6,6
Logan Couture,S.J,C,34,1989-03-28,CAN,73,206,2007,S.J,1,9,9
P.K. Subban,N.J,D,34,1989-05-13,CAN,72,210,2007,MTL,2,13,43
Riley Nash,"ARI, T.B, WPG",C,34,1989-05-09,CAN,74,188,2007,EDM,1,21,21
Thomas Hickey,NYI,D,35,1989-02-08,CAN,72,185,2007,L.A,1,4,4
Kyle Turris,EDM,C,34,1989-08-14,CAN,73,190,2007,PHX,1,3,3
Brad Malone,EDM,C,34,1989-05-20,CAN,74,217,2007,COL,4,14,105
Brendan Smith,CAR,D,35,1989-02-08,CAN,74,200,2007,DET,1,27,27
Colton Sceviour,EDM,C,34,1989-04-20,CAN,72,190,2007,DAL,4,21,112
David Perron,STL,L,35,1988-05-28,CAN,73,196,2007,STL,1,26,26
Patrick Kane,CHI,R,35,1988-11-19,USA,70,177,2007,CHI,1,1,1
Robert Bortuzzo,STL,D,35,1989-03-18,CAN,76,216,2007,PIT,3,17,78
Evgenii Dadonov,VGK,R,35,1989-03-12,RUS,71,189,2007,FLA,3,10,71
Mikael Backlund,CGY,C,35,1989-03-17,SWE,72,206,2007,CGY,1,24,24
Ryan McDonagh,T.B,D,34,1989-06-13,USA,73,215,2007,MTL,1,12,12
Max Pacioretty,VGK,L,35,1988-11-20,USA,74,217,2007,MTL,1,22,22
Jakub Voracek,CBJ,R,34,1989-08-15,CZE,74,216,2007,CBJ,1,7,7
Jake Muzzin,TOR,D,35,1989-02-21,CAN,75,227,2007,PIT,5,20,141
Alec Martinez,VGK,D,36,1987-07-26,USA,73,210,2007,L.A,4,4,95
Carl Hagelin,WSH,L,35,1988-08-23,SWE,72,183,2007,NYR,6,17,168
Lars Eller,WSH,C,34,1989-05-08,DNK,74,205,2007,STL,1,13,13
Wayne Simmonds,TOR,R,35,1988-08-26,CAN,74,184,2007,L.A,2,31,61
Nick Holden,OTT,D,36,1987-05-15,CAN,76,210,-,-,-,-,-
Jay Beagle,ARI,C,38,1985-10-16,CAN,75,210,-,-,-,-,-
Drew Doughty,L.A,D,34,1989-12-08,CAN,73,210,2008,L.A,1,2,2
Steven Stamkos,T.B,C,34,1990-02-07,CAN,72,182,2008,T.B,1,1,1
Alex Pietrangelo,VGK,D,34,1990-01-18,CAN,75,215,2008,STL,1,4,4
Zach Bogosian,T.B,D,33,1990-07-15,USA,74,222,2008,ATL,1,3,3
Luke Schenn,VAN,D,34,1989-11-02,CAN,74,225,2008,TOR,1,5,5
Josh Bailey,NYI,"C, R",34,1989-10-02,CAN,73,200,2008,NYI,1,9,9
Tyler Myers,VAN,D,34,1990-02-01,USA,80,229,2008,BUF,1,12,12
Erik Karlsson,S.J,D,33,1990-05-31,SWE,72,190,2008,OTT,1,15,15
Michael Del Zotto,OTT,D,33,1990-06-24,CAN,72,195,2008,NYR,1,20,20
Jordan Eberle,SEA,"C, R",33,1990-05-15,CAN,71,190,2008,EDM,1,22,22
Tyler Ennis,OTT,"C, R",34,1989-10-06,CAN,69,160,2008,BUF,1,26,26
John Carlson,WSH,D,34,1990-01-10,USA,75,215,2008,WSH,1,27,27
Roman Josi,NSH,D,33,1990-06-01,CHE,73,201,2008,NSH,2,8,38
Justin Schultz,WSH,D,33,1990-07-06,CAN,74,190,2008,ANA,2,13,43
Zac Dalpe,FLA,C,34,1989-11-01,CAN,74,197,2008,CAR,2,15,45
Travis Hamonic,"OTT, VAN",D,33,1990-08-16,CAN,73,200,2008,NYI,2,23,53
Derek Stepan,CAR,C,33,1990-06-18,USA,71,196,2008,NYR,2,21,51
Marco Scandella,STL,D,34,1990-02-23,CAN,75,212,2008,MIN,2,25,55
Michael Stone,CGY,D,33,1990-06-07,CAN,75,210,2008,PHX,3,8,69
Adam Henrique,ANA,C,34,1990-02-06,CAN,72,195,2008,N.J,3,21,82
TJ Brodie,TOR,D,33,1990-06-07,CAN,74,187,2008,CGY,4,23,114
Gustav Nyquist,CBJ,C,34,1989-09-01,SWE,71,180,2008,DET,4,30,121
Derek Grant,ANA,C,33,1990-04-20,CAN,75,210,2008,OTT,4,28,119
Greg Pateryn,ANA,D,33,1990-06-20,USA,75,212,2008,TOR,5,7,128
Mark Borowiecki,NSH,D,34,1989-07-12,CAN,74,204,2008,OTT,5,18,139
Matt Martin,NYI,L,34,1989-05-08,CAN,75,220,2008,NYI,5,27,148
Cam Atkinson,PHI,R,34,1989-06-05,USA,68,176,2008,CBJ,6,6,157
Jared Spurgeon,MIN,D,34,1989-11-29,CAN,69,166,2008,NYI,6,5,156
Luke Witkowski,DET,D,33,1990-04-14,USA,74,210,2008,T.B,6,9,160
Jordie Benn,MIN,D,36,1987-07-26,CAN,74,201,-,-,-,-,-
Antoine Roussel,ARI,L,34,1989-11-21,FRA,71,200,-,-,-,-,-
Tyler Johnson,CHI,C,33,1990-07-29,USA,68,185,-,-,-,-,-
Mike Hoffman,MTL,C,34,1989-11-24,CAN,72,190,2009,OTT,5,9,130
Tyler Bozak,STL,C,38,1986-03-19,CAN,73,187,-,-,-,-,-
Marcus Johansson,"SEA, WSH",L,33,1990-10-06,SWE,73,203,2009,WSH,1,24,24
Kyle Palmieri,NYI,"C, R",33,1991-02-01,USA,71,198,2009,ANA,1,26,26
Ryan O'Reilly,STL,C,33,1991-02-07,CAN,73,207,2009,COL,2,3,33
Kyle Clifford,"STL, TOR",L,33,1991-01-13,CAN,74,217,2009,L.A,2,5,35
Alex Chiasson,VAN,R,33,1990-10-01,CAN,76,208,2009,DAL,2,8,38
Jakob Silfverberg,ANA,R,33,1990-10-13,SWE,73,207,2009,OTT,2,9,39
John Tavares,TOR,C,33,1990-09-20,CAN,73,216,2009,NYI,1,1,1
Victor Hedman,T.B,D,33,1990-12-18,SWE,79,244,2009,T.B,1,2,2
Matt Duchene,NSH,C,33,1991-01-16,CAN,71,195,2009,COL,1,3,3
Evander Kane,EDM,L,32,1991-08-02,CAN,74,210,2009,ATL,1,4,4
Brayden Schenn,STL,C,32,1991-08-22,CAN,73,199,2009,L.A,1,5,5
Oliver Ekman-Larsson,VAN,D,32,1991-07-17,SWE,74,200,2009,PHX,1,6,6
Nazem Kadri,COL,C,33,1990-10-06,CAN,72,185,2009,TOR,1,7,7
Ryan Ellis,PHI,D,33,1991-01-03,CAN,70,180,2009,NSH,1,11,11
Calvin de Haan,CHI,D,32,1991-05-09,CAN,73,195,2009,NYI,1,12,12
Zack Kassian,EDM,R,33,1991-01-24,CAN,75,211,2009,BUF,1,13,13
Dmitry Kulikov,MIN,D,33,1990-10-29,RUS,73,201,2009,FLA,1,14,14
Nick Leddy,"DET, STL",D,33,1991-03-20,USA,72,205,2009,MIN,1,16,16
Chris Kreider,NYR,L,32,1991-04-30,USA,75,230,2009,NYR,1,19,19
John Moore,BOS,D,33,1990-11-19,USA,75,207,2009,CBJ,1,21,21
Brayden McNabb,VGK,D,33,1991-01-21,CAN,76,215,2009,BUF,3,5,66
Reilly Smith,VGK,R,32,1991-04-01,CAN,73,185,2009,DAL,3,8,69
Tomas Tatar,N.J,L,33,1990-12-01,SVK,70,173,2009,DET,2,30,60
Tyson Barrie,EDM,D,32,1991-07-26,CAN,71,197,2009,COL,3,3,64
Dmitry Orlov,WSH,D,32,1991-07-23,RUS,71,214,2009,WSH,2,25,55
Brian Dumoulin,PIT,D,32,1991-09-06,USA,76,207,2009,CAR,2,21,51
Richard Panik,NYI,R,33,1991-02-07,SVK,73,203,2009,T.B,2,22,52
Mattias Ekholm,NSH,D,33,1990-05-24,SWE,76,215,2009,NSH,4,11,102
Marcus Foligno,MIN,L,32,1991-08-10,USA,75,226,2009,BUF,4,13,104
Craig Smith,BOS,C,34,1989-09-05,USA,72,204,2009,NSH,4,7,98
Chris Wideman,MTL,D,34,1990-01-07,USA,70,181,2009,OTT,4,9,100
Casey Cizikas,NYI,C,33,1991-02-27,CAN,71,190,2009,NYI,4,1,92
David Savard,MTL,D,33,1990-10-22,CAN,73,235,2009,CBJ,4,3,94
Nicolas Deslauriers,"ANA, MIN",L,33,1991-02-22,CAN,73,220,2009,L.A,3,23,84
Cody Eakin,BUF,C,32,1991-05-24,CAN,72,196,2009,WSH,3,24,85
Kevin Connauton,"FLA, PHI",D,34,1990-02-23,CAN,74,205,2009,VAN,3,22,83
Ben Chiarot,"FLA, MTL",D,32,1991-05-09,CAN,75,232,2009,ATL,4,29,120
Erik Haula,BOS,L,33,1991-03-23,FIN,71,191,2009,MIN,7,1,182
Anders Lee,NYI,"C, L",33,1990-07-03,USA,75,235,2009,NYI,6,1,152
Nick Jensen,WSH,D,33,1990-09-21,USA,73,205,2009,DET,5,29,150
Nic Dowd,WSH,C,33,1990-05-27,USA,73,193,2009,L.A,7,17,198
Justin Dowling,VAN,C,33,1990-10-01,CAN,70,180,-,-,-,-,-
Brenden Dillon,WPG,D,33,1990-11-13,CAN,76,224,-,-,-,-,-
Andrew Agozzino,OTT,L,33,1991-01-03,CAN,70,187,-,-,-,-,-
Radko Gudas,FLA,D,33,1990-06-05,CZE,72,208,2010,T.B,3,6,66
Matt Irwin,WSH,D,36,1987-11-29,CAN,74,200,-,-,-,-,-
Christopher Tanev,CGY,D,34,1989-12-20,CAN,74,193,-,-,-,-,-
Mats Zuccarello,MIN,"C, R",36,1987-09-01,NOR,68,181,-,-,-,-,-
Calle Jarnkrok,"CGY, SEA",C,32,1991-09-25,SWE,72,192,2010,DET,2,21,51
Justin Holl,TOR,D,32,1992-01-30,USA,75,197,2010,CHI,2,24,54
Jason Zucker,PIT,L,32,1992-01-16,USA,71,192,2010,MIN,2,29,59
Tyler Toffoli,"CGY, MTL","C, R",31,1992-04-24,CAN,72,203,2010,L.A,2,17,47
Johan Larsson,"ARI, WSH",L,31,1992-07-25,SWE,71,206,2010,MIN,2,26,56
Greg McKegg,NYR,C,31,1992-06-17,CAN,72,195,2010,TOR,3,2,62
Evgeny Kuznetsov,WSH,C,31,1992-05-19,RUS,74,207,2010,WSH,1,26,26
Charlie Coyle,BOS,C,32,1992-03-02,USA,75,223,2010,S.J,1,28,28
Patrik Nemeth,NYR,D,32,1992-02-08,SWE,76,230,2010,DAL,2,11,41
Jon Merrill,MIN,D,32,1992-02-03,USA,75,204,2010,N.J,2,8,38
Tyler Pitlick,"CGY, MTL",C,32,1991-11-01,USA,74,200,2010,EDM,2,1,31
Justin Faulk,STL,D,32,1992-03-20,USA,72,214,2010,CAR,2,7,37
Brock Nelson,NYI,C,32,1991-10-15,USA,76,210,2010,NYI,1,30,30
Nick Bjugstad,MIN,C,31,1992-07-17,USA,78,209,2010,FLA,1,19,19
Derek Forbort,BOS,D,32,1992-03-04,USA,76,208,2010,L.A,1,15,15
Kevin Hayes,PHI,"C, R",31,1992-05-08,USA,77,216,2010,CHI,1,24,24
Cam Fowler,ANA,D,32,1991-12-05,CAN,74,215,2010,ANA,1,12,12
Vladimir Tarasenko,STL,R,32,1991-12-13,RUS,73,228,2010,STL,1,16,16
Austin Watson,OTT,L,32,1992-01-13,USA,76,204,2010,NSH,1,18,18
Jaden Schwartz,SEA,C,31,1992-06-25,CAN,70,185,2010,STL,1,14,14
Riley Sheahan,SEA,C,32,1991-12-07,CAN,74,214,2010,DET,1,21,21
Chris Wagner,BOS,R,32,1991-05-27,USA,72,192,2010,ANA,5,2,122
Jeff Skinner,BUF,L,31,1992-05-16,CAN,71,197,2010,CAR,1,7,7
Zach Hyman,EDM,"C, L",31,1992-06-09,CAN,73,211,2010,FLA,5,3,123
Erik Gudbranson,CGY,D,32,1992-01-07,CAN,77,222,2010,FLA,1,3,3
Taylor Hall,BOS,L,32,1991-11-14,CAN,73,210,2010,EDM,1,1,1
Brett Connolly,CHI,R,31,1992-05-02,CAN,75,198,2010,T.B,1,6,6
Ryan Johansen,NSH,C,31,1992-07-31,CAN,75,218,2010,CBJ,1,4,4
Tyler Seguin,DAL,C,32,1992-01-31,CAN,73,205,2010,BOS,1,2,2
Mark Pysyk,BUF,D,32,1992-01-11,CAN,73,198,2010,BUF,1,23,23
Jarred Tinordi,NYR,D,32,1992-02-20,USA,78,229,2010,MTL,1,22,22
Mikael Granlund,NSH,C,32,1992-02-26,FIN,70,185,2010,MIN,1,9,9
Nino Niederreiter,CAR,R,31,1992-09-08,CHE,74,218,2010,NYI,1,5,5
Bryan Rust,PIT,R,31,1992-05-11,USA,71,192,2010,PIT,3,20,80
Joonas Donskoi,SEA,R,31,1992-04-13,FIN,72,185,2010,FLA,4,9,99
Jani Hakanpaa,DAL,D,31,1992-03-31,FIN,78,225,2010,STL,4,14,104
Sam Carrick,ANA,C,32,1992-02-04,CAN,72,200,2010,TOR,5,24,144
Brendan Gallagher,MTL,R,31,1992-05-06,CAN,69,186,2010,MTL,5,27,147
Jesper Fast,CAR,R,32,1991-12-02,SWE,73,191,2010,NYR,6,7,157
John Klingberg,DAL,D,31,1992-08-14,SWE,75,190,2010,DAL,5,11,131
Mark Stone,VGK,R,31,1992-05-13,CAN,75,217,2010,OTT,6,28,178
Michael Sgarbossa,WSH,C,31,1992-07-25,CAN,72,179,-,-,-,-,-
Alex Belzile,MTL,R,32,1991-08-31,CAN,72,196,-,-,-,-,-
Colin Blackwell,"SEA, TOR",C,30,1993-03-28,USA,69,190,2011,S.J,7,13,193
Matthew Peca,STL,C,30,1993-04-27,CAN,70,181,2011,T.B,7,20,201
Ryan Dzingel,"ARI, S.J",C,32,1992-03-09,USA,72,190,2011,OTT,7,23,204
Ondrej Palat,T.B,L,32,1991-03-28,CZE,72,194,2011,T.B,7,27,208
Josh Manson,"ANA, COL",D,32,1991-10-07,USA,75,218,2011,ANA,6,9,160
Max McCormick,SEA,L,31,1992-05-01,USA,71,188,2011,OTT,6,20,171
Josh Archibald,EDM,R,31,1992-10-06,CAN,70,176,2011,PIT,6,23,174
Travis Boyd,ARI,C,30,1993-09-14,USA,72,190,2011,WSH,6,26,177
Dylan DeMelo,WPG,D,30,1993-05-01,CAN,72,195,2011,S.J,6,28,179
Gregory Hofmann,CBJ,C,31,1992-11-13,CHE,72,194,2011,CAR,4,12,103
Johnny Gaudreau,CGY,L,30,1993-08-13,USA,69,165,2011,CGY,4,13,104
Fredrik Claesson,T.B,D,31,1992-11-24,SWE,73,196,2011,OTT,5,5,126
Nick Seeler,PHI,D,30,1993-06-03,USA,74,201,2011,MIN,5,10,131
Sean Kuraly,CBJ,C,31,1993-01-20,USA,74,213,2011,S.J,5,12,133
Vincent Trocheck,CAR,C,30,1993-07-11,USA,71,184,2011,FLA,3,3,64
Joseph Cramarossa,MIN,C,31,1992-10-26,CAN,73,190,2011,ANA,3,4,65
T.J. Tynan,L.A,C,32,1992-02-25,USA,68,165,2011,CBJ,3,5,66
Adam Lowry,WPG,"C, L",30,1993-03-29,USA,78,208,2011,WPG,3,6,67
Nick Cousins,NSH,C,30,1993-07-20,CAN,71,192,2011,PHI,3,7,68
Steven Fogarty,BOS,C,30,1993-04-19,USA,75,204,2011,NYR,3,11,72
Blake Coleman,CGY,C,32,1991-11-28,USA,71,199,2011,N.J,3,14,75
Logan Shaw,OTT,R,31,1992-10-05,CAN,75,208,2011,FLA,3,15,76
Andy Andreoff,NYI,C,32,1991-05-17,CAN,73,208,2011,L.A,3,19,80
Josh Leivo,CAR,L,30,1993-05-26,CAN,74,192,2011,TOR,3,25,86
Kyle Rau,MIN,C,31,1992-10-24,USA,69,171,2011,FLA,3,30,91
Jean-Gabriel Pageau,NYI,C,31,1992-11-11,CAN,71,185,2011,OTT,4,5,96
Mike Reilly,BOS,D,30,1993-07-13,USA,73,196,2011,CBJ,4,7,98
Rocco Grimaldi,NSH,R,31,1993-02-08,USA,66,180,2011,FLA,2,3,33
Scott Mayfield,NYI,D,31,1992-10-14,USA,77,220,2011,NYI,2,4,34
Boone Jenner,CBJ,C,30,1993-06-15,CAN,74,203,2011,CBJ,2,7,37
Dmitrij Jaskin,ARI,R,31,1993-03-23,RUS,74,216,2011,STL,2,11,41
Victor Rask,"MIN, SEA",C,31,1993-03-01,SWE,74,199,2011,CAR,2,12,42
Brandon Saad,STL,L,31,1992-10-27,USA,73,215,2011,CHI,2,13,43
Brett Ritchie,CGY,R,30,1993-07-01,CAN,76,215,2011,DAL,2,14,44
Joel Edmundson,MTL,D,30,1993-06-28,CAN,77,221,2011,STL,2,16,46
Matt Nieto,S.J,L,31,1992-11-05,USA,71,187,2011,S.J,2,17,47
William Karlsson,VGK,C,31,1993-01-08,SWE,72,190,2011,ANA,2,23,53
Scott Harrington,CBJ,D,31,1993-03-10,CAN,74,204,2011,PIT,2,24,54
Nikita Kucherov,T.B,R,30,1993-06-17,RUS,71,181,2011,T.B,2,28,58
Ryan Nugent-Hopkins,EDM,C,30,1993-04-12,CAN,72,195,2011,EDM,1,1,1
Gabriel Landeskog,COL,L,31,1992-11-23,SWE,73,215,2011,COL,1,2,2
Jonathan Huberdeau,FLA,"C, L",30,1993-06-04,CAN,73,200,2011,FLA,1,3,3
Adam Larsson,SEA,D,31,1992-11-12,SWE,75,209,2011,N.J,1,4,4
Ryan Strome,NYR,C,30,1993-07-11,CAN,73,191,2011,NYI,1,5,5
Mika Zibanejad,NYR,C,30,1993-04-18,SWE,74,202,2011,OTT,1,6,6
Mark Scheifele,WPG,C,31,1993-03-15,CAN,75,198,2011,WPG,1,7,7
Sean Couturier,PHI,C,31,1992-12-07,USA,75,211,2011,PHI,1,8,8
Dougie Hamilton,N.J,D,30,1993-06-17,CAN,78,230,2011,BOS,1,9,9
Jonas Brodin,MIN,D,30,1993-07-12,SWE,74,196,2011,MIN,1,10,10
Sven Baertschi,VGK,L,31,1992-10-05,CHE,71,190,2011,CGY,1,13,13
Jamie Oleksiak,SEA,D,31,1992-12-21,CAN,79,257,2011,DAL,1,14,14
J.T. Miller,VAN,C,31,1993-03-14,USA,73,218,2011,NYR,1,15,15
Joel Armia,MTL,R,30,1993-05-31,FIN,75,216,2011,BUF,1,16,16
Nathan Beaulieu,WPG,D,31,1992-12-05,CAN,74,200,2011,MTL,1,17,17
Connor Murphy,CHI,D,30,1993-03-26,USA,76,212,2011,PHX,1,20,20
Stefan Noesen,CAR,R,31,1993-02-12,USA,73,205,2011,OTT,1,21,21
Phillip Danault,L.A,"C, L",31,1993-02-24,CAN,73,200,2011,CHI,1,26,26
Vladislav Namestnikov,"DAL, DET",C,31,1992-11-22,RUS,72,179,2011,T.B,1,27,27
Rickard Rakell,"ANA, PIT","L, R",30,1993-05-05,SWE,73,195,2011,ANA,1,30,30
Seth Griffith,EDM,C,31,1993-01-04,CAN,69,190,2012,BOS,5,10,131
Turner Elson,DET,C,31,1992-09-13,CAN,72,193,-,-,-,-,-
Colin Miller,BUF,D,31,1992-10-29,CAN,73,200,2012,L.A,5,30,151
Jonathan Marchessault,VGK,C,33,1990-12-27,CAN,69,183,-,-,-,-,-
Kurtis Gabriel,CHI,R,30,1993-04-20,CAN,76,212,2013,MIN,3,20,81
Barclay Goodrow,NYR,C,31,1993-02-26,CAN,74,204,-,-,-,-,-
Brad Hunt,VAN,D,35,1988-08-24,CAN,69,177,-,-,-,-,-
Torey Krug,STL,D,32,1991-04-12,USA,69,194,-,-,-,-,-
Matt Tennyson,NSH,D,33,1990-04-23,USA,74,205,-,-,-,-,-
Luke Glendening,DAL,C,34,1989-04-28,USA,71,190,-,-,-,-,-
Yanni Gourde,SEA,C,32,1991-12-15,CAN,69,174,-,-,-,-,-
Ryan Murray,COL,D,30,1993-09-27,CAN,73,206,2012,CBJ,1,2,2
Alex Galchenyuk,ARI,C,30,1994-02-12,USA,73,194,2012,MTL,1,3,3
Morgan Rielly,TOR,D,30,1994-03-09,CAN,73,222,2012,TOR,1,5,5
Hampus Lindholm,"ANA, BOS",D,30,1994-01-20,SWE,76,215,2012,ANA,1,6,6
Matt Dumba,MIN,D,29,1994-07-25,CAN,72,181,2012,MIN,1,7,7
Brendan Gaunce,CBJ,C,29,1994-03-25,CAN,75,219,2012,VAN,1,26,26
Brady Skjei,CAR,D,29,1994-03-26,USA,75,210,2012,NYR,1,28,28
Stefan Matteau,COL,C,30,1994-02-23,USA,74,208,2012,N.J,1,29,29
Tanner Pearson,VAN,L,31,1992-08-10,CAN,73,201,2012,L.A,1,30,30
Scott Laughton,PHI,C,29,1994-05-30,CAN,73,190,2012,PHI,1,20,20
Mark Jankowski,BUF,C,29,1994-09-13,CAN,76,212,2012,CGY,1,21,21
Olli Maatta,L.A,D,29,1994-08-22,FIN,74,207,2012,PIT,1,22,22
Mike Matheson,PIT,D,30,1994-02-27,CAN,74,193,2012,FLA,1,23,23
Zemgus Girgensons,BUF,L,30,1994-01-05,LVA,74,200,2012,BUF,1,14,14
Cody Ceci,EDM,D,30,1993-12-21,CAN,74,210,2012,OTT,1,15,15
Tom Wilson,WSH,R,29,1994-03-29,CAN,76,220,2012,WSH,1,16,16
Tomas Hertl,S.J,C,30,1993-11-12,CZE,75,215,2012,S.J,1,17,17
Teuvo Teravainen,CAR,L,29,1994-09-11,FIN,71,191,2012,CHI,1,18,18
Derrick Pouliot,"SEA, VGK",D,30,1994-01-16,CAN,72,196,2012,PIT,1,8,8
Jacob Trouba,NYR,D,30,1994-02-26,USA,75,203,2012,WPG,1,9,9
Slater Koekkoek,EDM,D,30,1994-02-18,CAN,74,193,2012,T.B,1,10,10
Filip Forsberg,NSH,L,29,1994-08-13,SWE,73,205,2012,WSH,1,11,11
Radek Faksa,DAL,C,30,1994-01-09,CZE,75,225,2012,DAL,1,13,13
Matt Grzelcyk,BOS,D,30,1994-01-05,USA,70,176,2012,BOS,3,24,85
Colton Parayko,STL,D,30,1993-05-12,CAN,78,228,2012,STL,3,25,86
Oskar Sundqvist,"DET, STL",C,30,1994-03-23,SWE,75,220,2012,PIT,3,20,81
Esa Lindell,DAL,D,29,1994-05-23,FIN,75,220,2012,DAL,3,13,74
Chandler Stephenson,VGK,C,29,1994-04-22,CAN,72,209,2012,WSH,3,16,77
Shayne Gostisbehere,ARI,D,30,1993-04-20,USA,71,180,2012,PHI,3,17,78
Mackenzie MacEachern,STL,L,30,1994-03-09,USA,74,193,2012,STL,3,6,67
Devin Shore,EDM,C,29,1994-07-19,CAN,73,206,2012,DAL,2,31,61
Jujhar Khaira,CHI,L,29,1994-08-13,CAN,76,212,2012,EDM,3,2,63
Adam Pelech,NYI,D,29,1994-08-16,CAN,75,210,2012,NYI,3,4,65
Jimmy Vesey,N.J,L,30,1993-05-26,USA,75,202,2012,NSH,3,5,66
Chris Tierney,OTT,C,29,1994-07-01,CAN,73,191,2012,S.J,2,25,55
Jordan Martinook,CAR,L,31,1992-07-25,CAN,72,196,2012,PHX,2,28,58
Damon Severson,N.J,D,29,1994-08-07,CAN,74,205,2012,N.J,2,30,60
Martin Frk,L.A,R,30,1993-10-05,CZE,73,210,2012,DET,2,19,49
Colton Sissons,NSH,C,30,1993-11-05,CAN,73,200,2012,NSH,2,20,50
Teddy Blueger,PIT,C,29,1994-08-15,LVA,72,185,2012,PIT,2,22,52
Jake McCabe,CHI,D,30,1993-10-12,USA,73,204,2012,BUF,2,14,44
Brock McGinn,PIT,L,30,1994-02-02,CAN,72,187,2012,CAR,2,17,47
Dominic Toninato,WPG,C,30,1994-03-09,USA,74,191,2012,TOR,5,5,126
Jaccob Slavin,CAR,D,29,1994-05-01,USA,75,207,2012,CAR,4,29,120
Andreas Athanasiou,L.A,C,29,1994-08-06,CAN,74,190,2012,DET,4,19,110
Gemel Smith,DET,C,29,1994-04-16,CAN,70,203,2012,DAL,4,13,104
Brett Kulak,"EDM, MTL",D,30,1994-01-06,CAN,73,197,2012,CGY,4,14,105
Cedric Paquette,MTL,C,30,1993-08-13,CAN,72,205,2012,T.B,4,10,101
Erik Gustafsson,CHI,D,32,1992-03-14,SWE,72,197,2012,EDM,4,2,93
Josh Anderson,MTL,R,29,1994-05-07,CAN,75,218,2012,CBJ,4,4,95
Danny O'Regan,ANA,C,30,1994-01-30,DEU,70,180,2012,S.J,5,17,138
Paul LaDue,NYI,D,31,1992-09-06,USA,75,205,2012,L.A,6,30,181
Matthew Benning,NSH,D,29,1994-05-25,CAN,73,203,2012,BOS,6,24,175
Petteri Lindbohm,FLA,D,30,1993-09-23,FIN,75,198,2012,STL,6,25,176
Vinnie Hinostroza,BUF,C,29,1994-04-03,USA,70,183,2012,CHI,6,18,169
Riley Barber,DET,R,30,1994-02-07,USA,72,199,2012,WSH,6,16,167
Connor Brown,OTT,R,30,1994-01-14,CAN,72,181,2012,TOR,6,5,156
Ben Hutton,VGK,D,30,1993-04-20,CAN,75,201,2012,VAN,5,26,147
Alexander Kerfoot,TOR,C,29,1994-08-11,CAN,71,186,2012,N.J,5,29,150
Jaycob Megna,S.J,D,31,1992-12-10,USA,78,220,2012,ANA,7,29,210
Liam O'Brien,ARI,C,29,1994-07-29,CAN,73,213,-,-,-,-,-
Kurtis MacDermid,COL,D,29,1994-03-25,CAN,77,233,-,-,-,-,-
Jayson Megna,COL,C,34,1990-02-01,USA,73,195,-,-,-,-,-
Scott Sabourin,OTT,R,31,1992-07-30,CAN,75,208,-,-,-,-,-
Andrej Sustr,"ANA, T.B",D,33,1990-11-29,CZE,79,217,-,-,-,-,-
Buddy Robinson,ANA,R,32,1991-09-30,USA,78,232,-,-,-,-,-
Danny DeKeyser,DET,D,34,1990-03-07,USA,75,183,-,-,-,-,-
Nate Schmidt,WPG,D,32,1991-07-16,USA,72,195,-,-,-,-,-
Carter Rowney,DET,C,34,1989-05-10,CAN,74,208,-,-,-,-,-
Chad Ruhwedel,PIT,D,33,1990-05-07,USA,71,191,-,-,-,-,-
Michael Raffl,DAL,L,35,1988-12-01,AUT,73,205,-,-,-,-,-
Anton Blidh,BOS,L,29,1995-03-14,SWE,73,197,2013,BOS,6,29,180
Dominik Kubalik,CHI,L,28,1995-08-21,CZE,74,190,2013,L.A,7,10,191
Kyle Burroughs,VAN,D,28,1995-07-12,CAN,72,193,2013,NYI,7,15,196
Andreas Johnsson,N.J,L,29,1994-11-21,SWE,70,195,2013,TOR,7,21,202
Tyler Lewington,BOS,D,29,1994-12-05,CAN,74,195,2013,WSH,7,23,204
MacKenzie Weegar,FLA,D,30,1994-01-07,CAN,72,206,2013,FLA,7,25,206
Tyler Motte,"NYR, VAN",C,29,1995-03-10,USA,70,192,2013,CHI,4,30,121
Will Butcher,BUF,D,29,1995-01-06,USA,70,195,2013,COL,5,2,123
Tucker Poolman,VAN,D,30,1993-06-08,USA,74,199,2013,WPG,5,6,127
Connor Clifton,BOS,D,28,1995-04-28,USA,71,190,2013,PHX,5,12,133
Carson Soucy,SEA,D,29,1994-07-27,CAN,77,208,2013,MIN,5,16,137
Jonny Brodzinski,NYR,C,30,1993-06-19,USA,72,212,2013,L.A,5,27,148
Josh Brown,"BOS, OTT",D,30,1994-01-21,CAN,77,220,2013,FLA,6,1,152
Hudson Fasching,ARI,R,28,1995-07-28,USA,75,204,2013,L.A,4,27,118
John Hayden,BUF,C,29,1995-02-14,USA,75,223,2013,CHI,3,13,74
Pavel Buchnevich,STL,L,28,1995-04-17,RUS,73,196,2013,NYR,3,14,75
Jake Guentzel,PIT,L,29,1994-10-06,USA,71,180,2013,PIT,3,16,77
Mattias Janmark,VGK,C,31,1992-12-08,SWE,73,205,2013,DET,3,18,79
Anthony Duclair,FLA,L,28,1995-08-26,CAN,71,197,2013,NYR,3,19,80
Carter Verhaeghe,FLA,C,28,1995-08-14,CAN,74,180,2013,TOR,3,21,82
Oliver Bjorkstrand,CBJ,R,28,1995-04-10,DNK,72,175,2013,CBJ,3,28,89
Mason Geertsen,N.J,D,28,1995-04-19,CAN,76,227,2013,COL,4,2,93
Miles Wood,N.J,L,28,1995-09-13,USA,74,195,2013,N.J,4,9,100
Nicholas Paul,"OTT, T.B",L,29,1995-03-20,CAN,75,223,2013,DAL,4,10,101
Andrew Copp,"NYR, WPG",C,29,1994-07-08,USA,73,199,2013,WPG,4,13,104
Ben Harpur,NSH,D,29,1995-01-12,CAN,78,231,2013,OTT,4,17,108
Ryan Graves,N.J,D,28,1995-05-21,CAN,77,220,2013,NYR,4,19,110
Andre Burakovsky,COL,L,29,1995-02-09,AUT,75,209,2013,WSH,1,23,23
Michael McCarron,NSH,R,29,1995-03-07,USA,78,232,2013,MTL,1,25,25
Shea Theodore,VGK,D,28,1995-08-03,CAN,74,197,2013,ANA,1,26,26
Jason Dickinson,VAN,C,28,1995-07-04,CAN,74,200,2013,DAL,1,29,29
Ryan Hartman,MIN,R,29,1994-09-20,USA,72,197,2013,CHI,1,30,30
Adam Erne,DET,L,28,1995-04-20,USA,73,212,2013,T.B,2,3,33
J.T. Compher,COL,L,28,1995-04-08,USA,72,190,2013,BUF,2,5,35
Laurent Dauphin,MTL,C,28,1995-03-27,CAN,72,186,2013,PHX,2,9,39
Remi Elie,T.B,L,28,1995-04-16,CAN,73,215,2013,DAL,2,10,40
Robert Hagg,"BUF, FLA",D,29,1995-02-08,SWE,74,210,2013,PHI,2,11,41
Nic Petan,VAN,C,29,1995-03-22,CAN,69,175,2013,WPG,2,13,43
Dillon Heatherington,OTT,D,28,1995-05-09,CAN,76,215,2013,CBJ,2,20,50
Carl Dahlstrom,TOR,D,29,1995-01-28,SWE,76,231,2013,CHI,2,21,51
Justin Bailey,VAN,R,28,1995-07-01,USA,76,214,2013,BUF,2,22,52
Madison Bowey,VAN,D,28,1995-04-22,CAN,73,207,2013,WSH,2,23,53
Artturi Lehkonen,"COL, MTL",L,28,1995-07-04,FIN,71,179,2013,MTL,2,25,55
William Carrier,VGK,L,29,1994-12-20,CAN,74,218,2013,STL,2,27,57
Tyler Bertuzzi,DET,L,29,1995-02-24,CAN,73,186,2013,DET,2,28,58
Zach Sanford,"OTT, WPG",L,29,1994-11-09,USA,76,206,2013,WSH,2,31,61
Brett Pesce,CAR,D,29,1994-11-15,USA,75,206,2013,CAR,3,5,66
Nathan MacKinnon,COL,C,28,1995-09-01,CAN,72,200,2013,COL,1,1,1
Aleksander Barkov,FLA,C,28,1995-09-02,FIN,75,215,2013,FLA,1,2,2
Jonathan Drouin,MTL,L,28,1995-03-28,CAN,71,198,2013,T.B,1,3,3
Seth Jones,CHI,D,29,1994-10-03,USA,76,213,2013,NSH,1,4,4
Elias Lindholm,CGY,C,29,1994-12-02,SWE,73,202,2013,CAR,1,5,5
Sean Monahan,CGY,C,29,1994-10-12,CAN,74,196,2013,CGY,1,6,6
Darnell Nurse,EDM,D,29,1995-02-04,CAN,76,221,2013,EDM,1,7,7
Rasmus Ristolainen,PHI,D,29,1994-10-27,FIN,76,221,2013,BUF,1,8,8
Bo Horvat,VAN,C,28,1995-04-05,CAN,72,215,2013,VAN,1,9,9
Valeri Nichushkin,COL,R,29,1995-03-04,RUS,76,210,2013,DAL,1,10,10
Max Domi,"CAR, CBJ",C,29,1995-03-02,CAN,70,194,2013,PHX,1,12,12
Josh Morrissey,WPG,D,28,1995-03-28,CAN,72,185,2013,WPG,1,13,13
Alex Wennberg,SEA,C,29,1994-09-22,SWE,74,190,2013,CBJ,1,14,14
Ryan Pulock,NYI,D,29,1994-10-06,CAN,74,216,2013,NYI,1,15,15
Nikita Zadorov,CGY,D,28,1995-04-16,RUS,78,248,2013,BUF,1,16,16
Curtis Lazar,BOS,C,29,1995-02-02,CAN,72,203,2013,OTT,1,17,17
Anthony Mantha,WSH,R,29,1994-09-16,CAN,77,234,2013,DET,1,20,20
Frederik Gauthier,N.J,C,28,1995-04-26,CAN,77,239,2013,TOR,1,21,21
Ross Johnston,NYI,L,30,1994-02-18,CAN,77,230,-,-,-,-,-
Dakota Mermis,MIN,D,30,1994-01-05,USA,72,195,-,-,-,-,-
Nathan Walker,STL,L,30,1994-02-07,GBR,69,187,2014,WSH,3,29,89
Brandon Baddock,MTL,L,28,1995-03-29,CAN,75,218,2014,N.J,6,11,161
Joel Hanley,DAL,D,32,1991-06-08,CAN,71,190,-,-,-,-,-
Conor Sheary,WSH,L,31,1992-06-08,USA,69,179,-,-,-,-,-
Trevor van Riemsdyk,WSH,D,32,1991-07-24,USA,75,191,-,-,-,-,-
Ryan Carpenter,"CGY, CHI",C,33,1991-01-18,USA,73,198,-,-,-,-,-
Jordan Oesterle,DET,D,31,1992-06-25,USA,72,187,-,-,-,-,-
Patrick Brown,PHI,C,31,1992-05-29,USA,73,210,-,-,-,-,-
Garnet Hathaway,WSH,R,32,1991-11-23,USA,75,208,-,-,-,-,-
Frederick Gaudreau,MIN,C,30,1993-05-01,CAN,72,184,-,-,-,-,-
Pierre-Edouard Bellemare,T.B,L,39,1985-03-06,FRA,71,198,-,-,-,-,-
Tomas Nosek,BOS,L,31,1992-09-01,CZE,75,205,-,-,-,-,-
Aaron Ekblad,FLA,D,28,1996-02-07,CAN,76,215,2014,FLA,1,1,1
Sam Reinhart,FLA,C,28,1995-11-06,CAN,74,193,2014,BUF,1,2,2
Leon Draisaitl,EDM,C,28,1995-10-27,DEU,74,208,2014,EDM,1,3,3
Sam Bennett,FLA,C,27,1996-06-20,CAN,73,195,2014,CGY,1,4,4
Michael Dal Colle,NYI,L,27,1996-06-20,CAN,75,195,2014,NYI,1,5,5
Haydn Fleury,SEA,D,27,1996-07-08,CAN,76,208,2014,CAR,1,7,7
William Nylander,TOR,"C, R",27,1996-05-01,CAN,72,204,2014,TOR,1,8,8
Nikolaj Ehlers,WPG,L,28,1996-02-14,DNK,72,169,2014,WPG,1,9,9
Nick Ritchie,"ARI, TOR",L,28,1995-12-05,CAN,75,236,2014,ANA,1,10,10
Kevin Fiala,MIN,L,27,1996-07-22,CHE,70,204,2014,NSH,1,11,11
Brendan Perlini,EDM,L,27,1996-04-27,GBR,75,211,2014,ARI,1,12,12
Jakub Vrana,DET,L,28,1996-02-28,CZE,72,190,2014,WSH,1,13,13
Dylan Larkin,DET,C,27,1996-07-30,USA,73,198,2014,DET,1,15,15
Sonny Milano,ANA,L,27,1996-05-12,USA,72,194,2014,CBJ,1,16,16
Travis Sanheim,PHI,D,27,1996-03-29,CAN,75,181,2014,PHI,1,17,17
Alex Tuch,BUF,R,27,1996-05-10,USA,76,219,2014,MIN,1,18,18
Tony DeAngelo,CAR,D,28,1995-10-24,USA,71,180,2014,T.B,1,19,19
Nick Schmaltz,ARI,C,28,1996-02-23,USA,72,181,2014,CHI,1,20,20
Robby Fabbri,DET,C,28,1996-01-22,CAN,71,185,2014,STL,1,21,21
Kasperi Kapanen,PIT,R,27,1996-07-23,FIN,73,194,2014,PIT,1,22,22
Jared McCann,SEA,"C, L",27,1996-05-31,CAN,73,191,2014,VAN,1,24,24
David Pastrnak,BOS,R,27,1996-05-25,CZE,73,195,2014,BOS,1,25,25
Adrian Kempe,L.A,"C, L",27,1996-09-13,SWE,74,200,2014,L.A,1,29,29
Brendan Lemieux,L.A,L,28,1996-03-15,USA,73,215,2014,BUF,2,1,31
Ivan Barbashev,STL,C,28,1995-12-14,RUS,73,195,2014,STL,2,3,33
Marcus Pettersson,PIT,D,27,1996-05-08,SWE,75,177,2014,ANA,2,8,38
Ryan MacInnis,BUF,C,28,1996-02-14,USA,75,201,2014,ARI,2,13,43
Nicolas Aube-Kubel,"COL, PHI",R,27,1996-05-10,CAN,72,207,2014,PHI,2,18,48
Brandon Montour,FLA,D,29,1994-04-11,CAN,72,194,2014,ANA,2,25,55
Ryan Donato,SEA,C,27,1996-04-09,USA,72,190,2014,BOS,2,26,56
Christian Dvorak,MTL,L,28,1996-02-02,USA,73,193,2014,ARI,2,28,58
Juho Lammikko,VAN,L,28,1996-01-29,FIN,74,191,2014,FLA,3,5,65
Warren Foegele,EDM,L,27,1996-04-01,CAN,74,198,2014,CAR,3,7,67
Brayden Point,T.B,C,28,1996-03-13,CAN,71,180,2014,T.B,3,19,79
Jake Walman,"DET, STL",D,28,1996-02-20,CAN,74,215,2014,STL,3,22,82
Mark Friedman,PIT,D,28,1995-12-25,CAN,71,185,2014,PHI,3,26,86
Michael Amadio,"TOR, VGK",C,27,1996-05-13,CAN,73,204,2014,L.A,3,30,90
William Lagesson,"EDM, MTL",D,28,1996-02-22,SWE,74,207,2014,EDM,4,1,91
Chase De Leo,N.J,C,28,1995-10-25,USA,69,185,2014,WPG,4,9,99
Devon Toews,COL,D,30,1994-02-21,CAN,73,191,2014,NYI,4,18,108
Austin Poganski,WPG,R,28,1996-02-16,USA,73,198,2014,STL,4,20,110
Viktor Arvidsson,L.A,L,30,1993-04-08,SWE,70,185,2014,NSH,4,22,112
Sam Lafferty,"CHI, PIT","C, R",29,1995-03-06,USA,73,195,2014,PIT,4,23,113
Danton Heinen,PIT,L,28,1995-07-05,CAN,73,188,2014,BOS,4,26,116
Michael Bunting,TOR,L,28,1995-09-17,CAN,72,192,2014,ARI,4,27,117
Max Willman,PHI,C,29,1995-02-13,USA,72,184,2014,BUF,5,1,121
Gustav Forsling,FLA,D,27,1996-06-12,SWE,72,186,2014,VAN,5,6,126
Clark Bishop,OTT,C,27,1996-03-29,CAN,73,197,2014,CAR,5,7,127
Dakota Joshua,STL,C,27,1996-05-15,USA,75,206,2014,TOR,5,8,128
CJ Suess,WPG,L,30,1994-03-17,USA,71,190,2014,WPG,5,9,129
Dysin Mayo,ARI,D,27,1996-08-17,CAN,74,183,2014,ARI,5,13,133
Oskar Lindblom,PHI,L,27,1996-08-15,SWE,73,191,2014,PHI,5,18,138
Anthony Angello,PIT,R,28,1996-03-06,USA,77,210,2014,PIT,5,25,145
Anders Bjork,BUF,L,27,1996-08-05,USA,72,190,2014,BOS,5,26,146
Kevin Labanc,S.J,R,28,1995-12-12,USA,71,185,2014,S.J,6,21,171
Sammy Blais,NYR,L,27,1996-06-17,CAN,74,206,2014,STL,6,26,176
Dylan Sikura,COL,C,28,1995-06-01,CAN,71,170,2014,CHI,6,28,178
Victor Olofsson,BUF,L,28,1995-07-18,SWE,71,181,2014,BUF,7,1,181
Pierre Engvall,TOR,L,27,1996-05-31,SWE,77,219,2014,TOR,7,8,188
Ondrej Kase,TOR,R,28,1995-11-08,CZE,72,187,2014,ANA,7,25,205
Jake Evans,MTL,C,27,1996-06-02,CAN,72,186,2014,MTL,7,27,207
Jacob Middleton,"MIN, S.J",D,28,1996-01-02,CAN,75,219,2014,L.A,7,30,210
Matthew Highmore,VAN,C,28,1996-02-27,CAN,71,188,-,-,-,-,-
Bokondji Imama,ARI,L,27,1996-08-03,CAN,73,221,2015,T.B,6,29,180
Hayden Hodgson,PHI,R,28,1996-03-02,CAN,74,208,-,-,-,-,-
Darren Raddysh,T.B,D,28,1996-02-28,CAN,73,200,-,-,-,-,-
Dryden Hunt,NYR,L,28,1995-11-24,CAN,72,193,-,-,-,-,-
Andrew Mangiapane,CGY,L,27,1996-04-04,CAN,70,184,2015,CGY,6,15,166
Vladimir Tkachev,L.A,L,28,1995-10-05,RUS,69,170,-,-,-,-,-
Frank Vatrano,"FLA, NYR",C,30,1994-03-14,USA,71,197,-,-,-,-,-
Noah Hanifin,CGY,D,27,1997-01-25,USA,75,207,2015,CAR,1,5,5
Rasmus Andersson,CGY,D,27,1996-10-27,SWE,73,202,2015,CGY,2,23,53
Kyle Connor,WPG,L,27,1996-12-09,USA,74,179,2015,WPG,1,17,17
Jonas Siegenthaler,N.J,D,26,1997-05-06,CHE,74,218,2015,WSH,2,27,57
Colin White,OTT,C,27,1997-01-30,USA,73,194,2015,OTT,1,21,21
Pavel Zacha,N.J,C,26,1997-04-06,CZE,76,199,2015,N.J,1,6,6
Connor McDavid,EDM,C,27,1997-01-13,CAN,73,193,2015,EDM,1,1,1
Jack Eichel,VGK,C,27,1996-10-28,USA,74,207,2015,BUF,1,2,2
Vince Dunn,SEA,D,27,1996-10-29,CAN,72,200,2015,STL,2,26,56
Travis Dermott,"TOR, VAN",D,27,1996-12-22,CAN,72,202,2015,TOR,2,4,34
Jordan Greenway,MIN,L,27,1997-02-16,USA,78,231,2015,MIN,2,20,50
Timo Meier,S.J,R,27,1996-10-08,CHE,73,220,2015,S.J,1,9,9
Jakub Zboril,BOS,D,27,1997-02-21,CZE,73,201,2015,BOS,1,13,13
Erik Cernak,T.B,D,26,1997-05-28,SVK,76,224,2015,L.A,2,13,43
Mikko Rantanen,COL,R,27,1996-10-29,FIN,76,215,2015,COL,1,10,10
A.J. Greer,N.J,L,27,1996-12-14,CAN,75,208,2015,COL,2,9,39
Jansen Harkins,WPG,C,26,1997-05-23,USA,73,182,2015,WPG,2,17,47
Brendan Guhle,ANA,D,26,1997-07-29,CAN,74,197,2015,BUF,2,21,51
Sebastian Aho,CAR,"C, R",26,1997-07-26,FIN,72,176,2015,CAR,2,5,35
Oliver Kylington,CGY,D,26,1997-05-19,SWE,72,183,2015,CGY,2,30,60
Evgeny Svechnikov,WPG,L,27,1996-10-31,RUS,75,208,2015,DET,1,19,19
Christian Fischer,ARI,R,26,1997-04-15,USA,74,212,2015,ARI,2,2,32
Keegan Kolesar,VGK,R,26,1997-04-08,CAN,74,217,2015,CBJ,3,8,69
Thomas Novak,NSH,C,26,1997-04-28,USA,73,179,2015,NSH,3,24,85
Travis Konecny,PHI,"C, R",27,1997-03-11,CAN,70,175,2015,PHI,1,24,24
Dylan Strome,CHI,C,27,1997-03-07,CAN,75,200,2015,ARI,1,3,3
Cooper Marody,EDM,C,27,1996-12-20,USA,72,184,2015,PHI,6,7,158
Brandon Carlo,BOS,D,27,1996-11-26,USA,78,218,2015,BOS,2,7,37
Brock Boeser,VAN,R,27,1997-02-25,USA,73,208,2015,VAN,1,23,23
Mathew Barzal,NYI,C,26,1997-05-26,CAN,73,190,2015,NYI,1,16,16
Glenn Gawdin,CGY,C,26,1997-03-25,CAN,73,191,2015,STL,4,25,116
Nick Merkley,S.J,R,26,1997-05-23,CAN,70,195,2015,ARI,1,30,30
Roope Hintz,DAL,"C, L",27,1996-11-17,FIN,75,215,2015,DAL,2,19,49
Ethan Bear,CAR,D,26,1997-06-26,CAN,71,197,2015,EDM,5,3,124
Caleb Jones,CHI,D,26,1997-06-06,USA,73,194,2015,EDM,4,26,117
Noah Juulsen,VAN,D,26,1997-04-02,CAN,74,201,2015,MTL,1,26,26
Jack Roslovic,CBJ,C,27,1997-01-29,USA,73,200,2015,WPG,1,25,25
Zach Werenski,CBJ,D,26,1997-07-19,USA,74,213,2015,CBJ,1,8,8
Nicolas Roy,VGK,C,27,1997-02-05,CAN,76,202,2015,CAR,4,5,96
Anthony Beauvillier,NYI,L,26,1997-06-08,CAN,71,180,2015,NYI,1,28,28
Guillaume Brisebois,VAN,D,26,1997-07-21,CAN,74,175,2015,VAN,3,5,66
Daniel Sprong,"SEA, WSH",R,27,1997-03-17,NLD,72,202,2015,PIT,2,16,46
Nicolas Meloche,S.J,D,26,1997-07-18,CAN,75,203,2015,COL,2,10,40
Jeremy Lauzon,"NSH, SEA",D,26,1997-04-28,CAN,73,204,2015,BOS,2,22,52
Thomas Chabot,OTT,D,27,1997-01-30,CAN,74,195,2015,OTT,1,18,18
Mathieu Joseph,"OTT, T.B",R,27,1997-02-09,CAN,73,187,2015,T.B,4,29,120
Lawson Crouse,ARI,L,26,1997-06-23,CAN,76,215,2015,FLA,1,11,11
Kyle Capobianco,ARI,D,26,1997-08-13,CAN,74,201,2015,ARI,3,2,63
Mitchell Stephens,DET,C,27,1997-02-05,CAN,71,190,2015,T.B,2,3,33
Blake Speers,ARI,C,27,1997-01-02,CAN,71,185,2015,N.J,3,6,67
Mitchell Marner,TOR,"C, R",26,1997-05-05,CAN,72,181,2015,TOR,1,4,4
Zach Senyshyn,OTT,R,26,1997-03-30,CAN,73,205,2015,BOS,1,15,15
Chase Pearson,DET,C,26,1997-08-23,CAN,75,202,2015,DET,5,19,140
Jacob Larsson,ANA,D,26,1997-04-29,SWE,74,193,2015,ANA,1,27,27
Joel Eriksson Ek,MIN,C,27,1997-01-29,SWE,75,207,2015,MIN,1,20,20
Denis Gurianov,DAL,R,26,1997-06-07,RUS,75,205,2015,DAL,1,12,12
Jake DeBrusk,BOS,L,27,1996-10-17,CAN,72,197,2015,BOS,1,14,14
Ivan Provorov,PHI,D,27,1997-01-13,RUS,73,201,2015,PHI,1,7,7
Gabriel Carlsson,CBJ,D,27,1997-01-02,SWE,77,195,2015,CBJ,1,29,29
John Marino,PIT,D,26,1997-05-21,USA,73,181,2015,EDM,6,3,154
Yakov Trenin,NSH,C,27,1997-01-13,RUS,74,201,2015,NSH,2,25,55
Austin Czarnik,"NYI, SEA",C,31,1992-12-12,USA,69,170,-,-,-,-,-
Anthony Cirelli,T.B,C,26,1997-07-15,CAN,72,189,2015,T.B,3,11,72
Tanner Kero,DAL,C,31,1992-07-24,USA,72,185,-,-,-,-,-
Evan Rodrigues,PIT,C,30,1993-07-28,CAN,71,184,-,-,-,-,-
Artemi Panarin,NYR,L,32,1991-10-30,RUS,72,173,-,-,-,-,-
Dean Kukan,CBJ,D,30,1993-07-08,CHE,74,190,-,-,-,-,-
Noel Acciari,FLA,C,32,1991-12-01,USA,70,209,-,-,-,-,-
Derek Ryan,EDM,C,37,1986-12-29,USA,70,185,-,-,-,-,-
Kevin Stenlund,CBJ,C,27,1996-09-20,SWE,77,215,2015,CBJ,2,28,58
Lukas Vejdemo,MTL,C,28,1996-01-25,SWE,73,198,2015,MTL,3,26,87
Will Borgen,SEA,D,27,1996-12-19,USA,75,204,2015,BUF,4,1,92
Colton White,N.J,D,26,1997-05-03,CAN,73,187,2015,N.J,4,6,97
Christian Wolanin,"BUF, L.A",D,29,1995-03-17,CAN,74,190,2015,OTT,4,16,107
Alexandre Carrier,NSH,D,27,1996-10-08,CAN,71,174,2015,NSH,4,24,115
Conor Garland,VAN,R,28,1996-03-11,USA,70,165,2015,ARI,5,2,123
Niko Mikkola,STL,D,27,1996-04-27,FIN,76,209,2015,STL,5,6,127
Kirill Kaprizov,MIN,L,26,1997-04-26,RUS,70,202,2015,MIN,5,14,135
Dominik Simon,"ANA, PIT",C,29,1994-08-08,CZE,71,190,2015,PIT,5,16,137
Christian Jaros,N.J,D,27,1996-04-02,SVK,75,222,2015,OTT,5,18,139
Rudolfs Balcers,S.J,L,26,1997-04-08,LVA,71,182,2015,S.J,5,21,142
Troy Terry,ANA,"C, R",26,1997-09-10,USA,72,185,2015,ANA,5,27,148
Adam Gaudette,"CHI, OTT",C,27,1996-10-03,USA,73,194,2015,VAN,5,28,149
Brett Seney,TOR,L,28,1996-02-28,CAN,69,156,2015,N.J,6,6,157
Vladislav Gavrikov,CBJ,D,28,1995-11-21,RUS,75,221,2015,CBJ,6,8,159
Mason Appleton,"SEA, WPG",C,28,1996-01-15,USA,75,197,2015,WPG,6,17,168
Steven Lorentz,CAR,C,27,1996-04-13,CAN,76,206,2015,CAR,7,5,186
Markus Nutivaara,FLA,D,29,1994-06-06,FIN,73,187,2015,CBJ,7,8,189
Matt Roy,L.A,D,29,1995-03-01,USA,73,205,2015,L.A,7,13,194
Sami Niku,MTL,D,27,1996-10-10,FIN,73,176,2015,WPG,7,17,198
Kole Sherwood,NSH,R,27,1997-01-22,USA,73,212,-,-,-,-,-
Lane Pederson,S.J,C,26,1997-08-04,CAN,72,192,-,-,-,-,-
Jalen Chatfield,CAR,D,27,1996-05-15,USA,73,188,-,-,-,-,-
Mason Marchment,FLA,L,28,1995-06-18,CAN,76,210,-,-,-,-,-
Adam Brooks,"MTL, VGK, WPG",C,27,1996-05-06,CAN,72,179,2016,TOR,4,1,92
Philippe Myers,NSH,D,27,1997-01-25,CAN,78,219,-,-,-,-,-
Ryan Lomberg,FLA,L,29,1994-09-12,CAN,69,187,-,-,-,-,-
Andrew Poturalski,CAR,C,30,1994-01-14,USA,70,183,-,-,-,-,-
Dan Renouf,DET,D,29,1994-06-01,CAN,73,198,-,-,-,-,-
Ethan Prow,BUF,D,31,1992-11-17,USA,71,182,-,-,-,-,-
Kevin Rooney,NYR,C,30,1993-05-21,USA,74,190,-,-,-,-,-
Brandon Tanev,SEA,L,32,1991-12-31,CAN,72,189,-,-,-,-,-
Kyle Criscuolo,DET,C,31,1992-05-05,USA,69,175,-,-,-,-,-
Matthew Tkachuk,CGY,L,26,1997-12-11,USA,74,201,2016,CGY,1,6,6
Joey Anderson,TOR,R,25,1998-06-19,USA,72,207,2016,N.J,3,12,73
Luke Kunin,NSH,C,26,1997-12-04,USA,72,197,2016,MIN,1,15,15
Auston Matthews,TOR,C,26,1997-09-17,USA,75,208,2016,TOR,1,1,1
Maxime Lajoie,CAR,D,26,1997-11-05,CAN,73,196,2016,OTT,5,12,133
Lucas Johansen,WSH,D,26,1997-11-16,CAN,74,176,2016,WSH,1,28,28
Wade Allison,PHI,R,26,1997-10-14,CAN,74,205,2016,PHI,2,22,52
Adam Fox,NYR,D,26,1998-02-17,USA,71,182,2016,CGY,3,5,66
Ryan Lindgren,NYR,D,26,1998-02-11,USA,72,190,2016,BOS,2,19,49
Charlie McAvoy,BOS,D,26,1997-12-21,USA,73,209,2016,BOS,1,14,14
Julien Gauthier,NYR,R,26,1997-10-15,CAN,76,224,2016,CAR,1,21,21
Libor Hajek,NYR,D,26,1998-02-04,CZE,74,209,2016,T.B,2,7,37
Rasmus Asplund,BUF,C,26,1997-12-03,SWE,71,185,2016,BUF,2,3,33
Carl Grundstrom,L.A,R,26,1997-12-01,SWE,72,195,2016,TOR,2,27,57
Alex DeBrincat,CHI,L,26,1997-12-18,USA,68,178,2016,CHI,2,9,39
Markus Niemelainen,EDM,D,25,1998-06-08,FIN,78,190,2016,EDM,3,2,63
Patrik Laine,CBJ,L,25,1998-04-19,FIN,77,205,2016,WPG,1,2,2
Cam Dineen,ARI,D,25,1998-06-19,USA,71,188,2016,ARI,3,7,68
Clayton Keller,ARI,"C, R",25,1998-07-29,USA,70,178,2016,ARI,1,7,7
Jesse Puljujarvi,EDM,R,25,1998-05-07,SWE,76,201,2016,EDM,1,4,4
Jakob Chychrun,ARI,D,25,1998-03-31,USA,74,220,2016,ARI,1,16,16
Dillon Dube,CGY,C,25,1998-07-20,CAN,71,185,2016,CGY,2,26,56
Tyler Benson,EDM,L,26,1998-03-15,CAN,72,190,2016,EDM,2,2,32
Kale Clague,"L.A, MTL",D,25,1998-06-05,CAN,72,190,2016,L.A,2,21,51
Sam Steel,ANA,C,26,1998-02-03,CAN,71,184,2016,ANA,1,30,30
Brett Howden,VGK,C,25,1998-03-29,CAN,74,203,2016,T.B,1,27,27
Olli Juolevi,"DET, FLA",D,25,1998-05-05,FIN,74,182,2016,VAN,1,5,5
Kieffer Bellows,NYI,L,25,1998-06-10,USA,73,195,2016,NYI,1,19,19
Beck Malenstyn,WSH,L,26,1998-02-04,CAN,75,200,2016,WSH,5,24,145
Riley Tufte,DAL,L,25,1998-04-10,USA,78,230,2016,DAL,1,25,25
Tim Gettinger,NYR,L,25,1998-04-14,USA,78,222,2016,NYR,5,20,141
Trent Frederic,BOS,C,26,1998-02-11,USA,75,214,2016,BOS,1,29,29
Logan Brown,STL,C,26,1998-03-05,USA,78,218,2016,OTT,1,11,11
William Lockwood,VAN,R,25,1998-06-20,USA,71,172,2016,VAN,3,3,64
Max Jones,ANA,L,26,1998-02-17,USA,75,216,2016,ANA,1,24,24
Andrew Peeke,CBJ,D,26,1998-03-17,USA,75,210,2016,CBJ,2,4,34
Tyson Jost,"COL, MIN",C,26,1998-03-14,CAN,71,187,2016,COL,1,10,10
Dante Fabbro,NSH,D,25,1998-06-20,CAN,72,189,2016,NSH,1,17,17
Josh Mahura,ANA,D,25,1998-05-05,CAN,72,185,2016,ANA,3,24,85
Jonathan Dahlen,S.J,C,26,1997-12-20,SWE,71,180,2016,OTT,2,12,42
Victor Mete,OTT,D,25,1998-06-07,CAN,69,187,2016,MTL,4,9,100
Logan Stanley,WPG,D,25,1998-05-26,CAN,79,242,2016,WPG,1,18,18
Givani Smith,DET,R,26,1998-02-28,CAN,74,214,2016,DET,2,16,46
Connor Bunnaman,PHI,C,25,1998-04-16,CAN,73,207,2016,PHI,4,18,109
Boris Katchouk,"CHI, T.B",L,25,1998-06-18,CAN,74,206,2016,T.B,2,14,44
Jordan Kyrou,STL,C,25,1998-05-05,CAN,73,196,2016,STL,2,5,35
Riley Stillman,CHI,D,26,1998-03-09,CAN,73,196,2016,FLA,4,23,114
Taylor Raddysh,"CHI, T.B",R,26,1998-02-18,CAN,75,198,2016,T.B,2,28,58
Noah Gregor,S.J,C,25,1998-07-28,CAN,72,190,2016,S.J,4,20,111
Dennis Cholowski,"SEA, WSH",D,26,1998-02-15,CAN,74,210,2016,DET,1,20,20
Samuel Girard,COL,D,25,1998-05-12,CAN,70,170,2016,NSH,2,17,47
Pierre-Luc Dubois,WPG,L,25,1998-06-24,CAN,76,214,2016,CBJ,1,3,3
Jake Bean,CBJ,D,25,1998-06-09,CAN,73,196,2016,CAR,1,13,13
Henrik Borgstrom,CHI,C,26,1997-08-06,FIN,75,199,2016,FLA,1,23,23
Jesper Bratt,N.J,L,25,1998-07-30,SWE,70,175,2016,N.J,6,11,162
Mikhail Sergachev,T.B,D,25,1998-06-25,RUS,73,217,2016,MTL,1,9,9
Sean Day,T.B,D,26,1998-01-09,BEL,75,218,2016,NYR,3,20,81
Nathan Bastian,"N.J, SEA",R,26,1997-12-06,CAN,76,205,2016,N.J,2,11,41
Michael McLeod,N.J,C,26,1998-02-03,CAN,74,190,2016,N.J,1,12,12
Brett Murray,BUF,L,25,1998-07-20,CAN,77,228,2016,BUF,4,8,99
Tage Thompson,BUF,R,26,1997-10-30,USA,78,220,2016,STL,1,26,26
Jacob Moverare,L.A,D,25,1998-08-31,SWE,75,210,2016,L.A,4,21,112
Filip Hronek,DET,D,26,1997-11-02,CZE,72,190,2016,DET,2,23,53
Jacob MacDonald,COL,D,31,1993-02-26,USA,72,204,-,-,-,-,-
Troy Stecher,"DET, L.A",D,29,1994-04-07,CAN,70,184,-,-,-,-,-
Anthony Greco,NYR,R,30,1993-09-30,USA,70,179,-,-,-,-,-
Nikita Zaitsev,OTT,D,32,1991-10-29,RUS,74,192,-,-,-,-,-
Drake Caggiula,BUF,C,29,1994-06-20,CAN,70,176,-,-,-,-,-
Michal Kempny,WSH,D,33,1990-09-08,CZE,73,192,-,-,-,-,-
Janne Kuokkanen,N.J,"C, L",25,1998-05-25,FIN,73,193,2016,CAR,2,13,43
Kasper Bjorkqvist,PIT,R,26,1997-07-10,FIN,73,198,2016,PIT,2,31,61
Rem Pitlick,"MIN, MTL",C,26,1997-04-02,CAN,71,186,2016,NSH,3,15,76
Garrett Pilon,WSH,C,25,1998-04-13,CAN,72,191,2016,WSH,3,26,87
Fredrik Karlstrom,DAL,C,26,1998-01-12,SWE,75,200,2016,DAL,3,29,90
Brandon Duhaime,MIN,R,26,1997-05-22,USA,74,200,2016,MIN,4,15,106
Lucas Carlsson,FLA,D,26,1997-07-05,SWE,72,189,2016,CHI,4,19,110
Ross Colton,T.B,C,27,1996-09-11,USA,72,194,2016,T.B,4,27,118
Otto Koivula,NYI,L,25,1998-09-01,FIN,77,225,2016,NYI,4,29,120
Linus Hogberg,PHI,D,25,1998-09-04,SWE,73,176,2016,PHI,5,18,139
Axel Jonsson-Fjallby,WSH,L,26,1998-02-10,SWE,73,189,2016,WSH,5,26,147
Brandon Hagel,"CHI, T.B",L,25,1998-08-27,CAN,74,179,2016,BUF,6,8,159
Michael Pezzetta,MTL,L,26,1998-03-13,CAN,73,210,2016,MTL,6,9,160
Oskar Steen,BOS,C,26,1998-03-09,SWE,70,193,2016,BOS,6,14,165
Tanner Laczynski,PHI,C,26,1997-06-01,USA,73,190,2016,PHI,6,18,169
Maxim Mamin,FLA,C,29,1995-01-13,RUS,74,206,2016,FLA,6,24,175
Mikhail Maltsev,COL,L,26,1998-03-12,RUS,75,198,2016,N.J,4,11,102
Casey Fitzgerald,BUF,D,27,1997-02-25,USA,71,188,2016,BUF,3,25,86
Dylan Gambrell,OTT,C,27,1996-08-26,USA,71,185,2016,S.J,2,30,60
Rhett Gardner,DAL,C,28,1996-02-28,CAN,75,210,2016,DAL,4,25,116
Michael Eyssimont,WPG,C,27,1996-09-09,USA,72,180,2016,L.A,5,21,142
Chase Priskie,FLA,D,28,1996-03-19,USA,72,185,2016,WSH,6,26,177
Jeremy Davies,NSH,D,27,1996-12-04,CAN,71,180,2016,N.J,7,11,192
Michael Carcone,ARI,L,27,1996-05-19,CAN,69,170,-,-,-,-,-
Dylan Coghlan,VGK,D,26,1998-02-19,CAN,74,208,-,-,-,-,-
Matt Luff,NSH,R,26,1997-05-05,CAN,74,196,-,-,-,-,-
Tanner Jeannot,NSH,L,26,1997-05-29,CAN,74,208,-,-,-,-,-
Mathieu Olivier,NSH,R,27,1997-02-11,USA,73,217,-,-,-,-,-
Trevor Moore,L.A,C,28,1995-03-31,USA,70,195,-,-,-,-,-
Jeffrey Viel,S.J,L,27,1997-01-28,CAN,74,205,-,-,-,-,-
Alex Barr√©-Boulet,"SEA, T.B",C,26,1997-05-21,CAN,70,180,-,-,-,-,-
Kristians Rubins,TOR,D,26,1997-12-11,LVA,77,227,-,-,-,-,-
Zack MacEwen,PHI,C,27,1996-07-08,CAN,75,205,-,-,-,-,-
Gerry Mayhew,"ANA, PHI",C,31,1992-12-31,USA,69,161,-,-,-,-,-
Justin Danforth,CBJ,R,31,1993-03-15,CAN,69,190,-,-,-,-,-
Zach Aston-Reese,"ANA, PIT","C, L",29,1994-08-10,USA,73,205,-,-,-,-,-
Gavin Bayreuther,CBJ,D,29,1994-05-12,USA,73,196,-,-,-,-,-
Vinni Lettieri,ANA,C,29,1995-02-06,USA,70,184,-,-,-,-,-
Mason Shaw,MIN,C,25,1998-11-03,CAN,70,184,2017,MIN,4,4,97
Nolan Patrick,VGK,C,25,1998-09-19,CAN,74,201,2017,PHI,1,2,2
Juuso Valimaki,CGY,D,25,1998-10-06,FIN,74,205,2017,CGY,1,16,16
Kailer Yamamoto,EDM,R,25,1998-09-29,USA,68,153,2017,EDM,1,22,22
Nicolas Hague,VGK,D,25,1998-12-05,CAN,78,230,2017,VGK,2,3,34
Jonah Gadjovich,S.J,L,25,1998-10-12,CAN,74,209,2017,VAN,2,24,55
Conor Timmins,ARI,D,25,1998-09-18,CAN,74,202,2017,COL,2,1,32
Mario Ferraro,S.J,D,25,1998-09-17,CAN,72,209,2017,S.J,2,18,49
Cal Foote,T.B,D,25,1998-12-13,USA,77,224,2017,T.B,1,14,14
Cale Fleury,SEA,D,25,1998-11-19,CAN,73,204,2017,MTL,3,25,87
Kole Lind,SEA,R,25,1998-10-16,CAN,73,178,2017,VAN,2,2,33
Morgan Geekie,SEA,C,25,1998-07-20,CAN,75,200,2017,CAR,3,5,67
Jake Leschyshyn,VGK,C,25,1999-03-10,USA,71,195,2017,VGK,2,31,62
Michael Rasmussen,DET,C,24,1999-04-17,CAN,78,211,2017,DET,1,9,9
Jaret Anderson-Dolan,L.A,C,24,1999-09-12,CAN,71,200,2017,L.A,2,10,41
Cody Glass,NSH,C,24,1999-04-01,CAN,75,206,2017,VGK,1,6,6
Mikey Anderson,L.A,D,24,1999-05-25,USA,72,195,2017,L.A,4,10,103
Casey Mittelstadt,BUF,C,25,1998-11-22,USA,73,195,2017,BUF,1,8,8
Urho Vaakanainen,"ANA, BOS",D,25,1999-01-01,FIN,74,200,2017,BOS,1,18,18
Nico Hischier,N.J,C,25,1999-01-04,CHE,73,175,2017,N.J,1,1,1
Jesper Boqvist,N.J,C,25,1998-10-30,SWE,72,180,2017,N.J,2,5,36
Kristian Vesalainen,WPG,L,24,1999-06-01,FIN,75,207,2017,WPG,1,24,24
Jonas Rondbjerg,VGK,R,24,1999-03-31,DNK,74,203,2017,VGK,3,3,65
Adam Ruzicka,CGY,C,24,1999-05-11,SVK,76,215,2017,CGY,4,16,109
Eeli Tolvanen,NSH,R,24,1999-04-22,FIN,70,191,2017,NSH,1,30,30
Klim Kostin,STL,C,24,1999-05-05,RUS,75,215,2017,STL,1,31,31
Elias Pettersson,VAN,C,25,1998-11-12,SWE,74,176,2017,VAN,1,5,5
Gabriel Vilardi,L.A,C,24,1999-08-16,CAN,75,215,2017,L.A,1,11,11
Owen Tippett,"FLA, PHI",R,25,1999-02-16,CAN,73,207,2017,FLA,1,10,10
Nick Suzuki,MTL,C,24,1999-08-10,CAN,71,208,2017,VGK,1,13,13
Isaac Ratcliffe,PHI,L,25,1999-02-15,CAN,78,200,2017,PHI,2,4,35
Jack Studnicka,BOS,C,25,1999-02-18,CAN,73,187,2017,BOS,2,22,53
Robert Thomas,STL,C,24,1999-07-02,CAN,72,218,2017,STL,1,20,20
MacKenzie Entwistle,CHI,R,24,1999-07-14,CAN,75,184,2017,ARI,3,7,69
Jason Robertson,DAL,L,24,1999-07-22,USA,75,200,2017,DAL,2,8,39
Morgan Frost,PHI,C,24,1999-05-14,CAN,71,170,2017,PHI,1,27,27
Alex Formenton,OTT,L,24,1999-09-13,CAN,75,195,2017,OTT,2,16,47
Max Comtois,ANA,L,25,1999-01-08,CAN,74,210,2017,ANA,2,19,50
Henri Jokiharju,BUF,D,24,1999-06-17,FIN,72,200,2017,CHI,1,29,29
Miro Heiskanen,DAL,D,24,1999-07-18,FIN,73,195,2017,DAL,1,3,3
Aleksi Heponiemi,FLA,C,25,1999-01-09,FIN,70,155,2017,FLA,2,9,40
Martin Necas,CAR,C,25,1999-01-15,CZE,74,189,2017,CAR,1,12,12
Dmitri Samorukov,EDM,D,24,1999-06-16,RUS,75,188,2017,EDM,3,22,84
Timothy Liljegren,TOR,D,24,1999-04-30,SWE,73,192,2017,TOR,1,17,17
Dylan Samberg,WPG,D,25,1999-01-24,USA,76,219,2017,WPG,2,12,43
Sasha Chmelevski,S.J,C,24,1999-06-09,USA,72,188,2017,S.J,6,30,185
Reilly Walsh,N.J,D,24,1999-04-21,USA,72,185,2017,N.J,3,19,81
Jack Rathbone,VAN,D,24,1999-05-20,USA,70,177,2017,VAN,4,2,95
Pierre-Olivier Joseph,PIT,D,24,1999-07-01,CAN,74,185,2017,ARI,1,23,23
Scott Reedy,S.J,C,24,1999-04-04,USA,74,205,2017,S.J,4,9,102
Josh Norris,OTT,C,24,1999-05-05,USA,74,195,2017,S.J,1,19,19
Ryan Poehling,MTL,C,25,1999-01-03,USA,74,196,2017,MTL,1,25,25
Cale Makar,COL,D,25,1998-10-30,CAN,71,187,2017,COL,1,4,4
Ian Mitchell,CHI,D,25,1999-01-18,CAN,71,193,2017,CHI,2,26,57
Robin Salo,NYI,D,25,1998-10-13,FIN,74,190,2017,NYI,2,15,46
Lias Andersson,L.A,C,25,1998-10-13,SWE,73,185,2017,NYR,1,7,7
Erik Brannstrom,OTT,D,24,1999-09-02,SWE,70,185,2017,VGK,1,15,15
Alexandre Texier,CBJ,C,24,1999-09-13,FRA,73,186,2017,CBJ,2,14,45
Filip Chytil,NYR,C,24,1999-09-05,CZE,74,204,2017,NYR,1,21,21
C.J. Smith,CAR,L,29,1994-12-01,USA,71,191,-,-,-,-,-
Mike Vecchione,WSH,R,31,1993-02-25,USA,70,193,-,-,-,-,-
Alex Iafallo,L.A,L,30,1993-12-21,USA,72,200,-,-,-,-,-
David Kampf,TOR,C,29,1995-01-12,CZE,74,197,-,-,-,-,-
Neal Pionk,WPG,D,28,1995-07-29,USA,72,185,-,-,-,-,-
Calle Rosen,STL,D,30,1994-02-02,SWE,73,188,-,-,-,-,-
Radim Simek,S.J,D,31,1992-09-20,CZE,72,204,-,-,-,-,-
Jan Rutta,T.B,D,33,1990-07-29,CZE,75,204,-,-,-,-,-
Gustav Lindstrom,DET,D,25,1998-10-20,SWE,74,186,2017,DET,2,7,38
Eetu Luostarinen,FLA,C,25,1998-09-02,FIN,75,190,2017,CAR,2,11,42
Fabian Zetterlund,N.J,L,24,1999-08-25,SWE,71,220,2017,N.J,3,1,63
Johnathan Kovacevic,WPG,D,26,1997-07-12,CAN,76,208,2017,WPG,3,12,74
Jacob Bryson,BUF,D,26,1997-11-18,CAN,69,176,2017,BUF,4,6,99
Emil Bemstrom,CBJ,C,24,1999-06-01,SWE,72,195,2017,CBJ,4,24,117
Drake Batherson,OTT,R,25,1998-04-27,USA,75,200,2017,OTT,4,28,121
Jacob Peterson,DAL,C,24,1999-07-19,SWE,73,180,2017,DAL,5,8,132
Noah Cates,PHI,L,25,1999-02-05,USA,73,165,2017,PHI,5,13,137
Sebastian Aho,NYI,D,28,1996-02-17,SWE,70,186,2017,NYI,5,15,139
Marian Studenic,"DAL, N.J","L, R",25,1998-10-28,SVK,73,190,2017,N.J,5,19,143
Jakub Galvas,CHI,D,24,1999-06-15,CZE,71,161,2017,CHI,5,26,150
Ben Jones,VGK,C,25,1999-02-26,CAN,72,187,2017,VGK,7,3,189
Alexei Toropchenko,STL,R,24,1999-06-25,RUS,78,222,2017,STL,4,20,113
Morgan Barron,"NYR, WPG",C,25,1998-12-02,CAN,76,220,2017,NYR,6,19,174
Carson Meyer,CBJ,R,26,1997-08-18,USA,71,184,-,-,-,-,-
Wyatt Kalynuk,CHI,D,26,1997-04-14,CAN,73,180,2017,PHI,7,10,196
Jayden Halbgewachs,S.J,L,27,1997-03-22,CAN,68,160,-,-,-,-,-
Grant Hutton,NYI,D,28,1995-07-25,USA,76,214,-,-,-,-,-
Sheldon Dries,VAN,C,29,1994-04-23,USA,69,180,-,-,-,-,-
Sean Walker,L.A,D,29,1994-11-13,CAN,71,195,-,-,-,-,-
Mark Kastelic,OTT,C,25,1999-03-11,USA,75,233,2019,OTT,5,1,125
Alexander True,SEA,C,26,1997-07-17,DNK,77,200,-,-,-,-,-
Sean Durzi,L.A,D,25,1998-10-21,CAN,72,195,2018,TOR,2,21,52
Trey Fix-Wolansky,CBJ,R,24,1999-05-26,CAN,67,191,2018,CBJ,7,18,204
Kristian Reichel,WPG,C,25,1998-06-11,CZE,72,168,-,-,-,-,-
Parker Kelly,OTT,"C, L",24,1999-05-14,CAN,72,190,-,-,-,-,-
Pius Suter,DET,C,27,1996-05-24,CHE,71,179,-,-,-,-,-
Joey Keane,CAR,D,24,1999-07-02,USA,72,187,2018,NYR,3,26,88
Austin Strand,L.A,D,27,1997-02-17,CAN,75,215,-,-,-,-,-
Zach Whitecloud,VGK,D,27,1996-11-28,CAN,74,207,-,-,-,-,-
Kiefer Sherwood,COL,L,28,1995-03-31,USA,72,194,-,-,-,-,-
Eric Robinson,CBJ,L,28,1995-06-14,USA,74,205,-,-,-,-,-
Sheldon Rempal,VAN,R,28,1995-08-07,CAN,70,165,-,-,-,-,-
Oliver Wahlstrom,NYI,R,23,2000-06-13,USA,74,204,2018,NYI,1,11,11
Martin Fehervary,WSH,D,24,1999-10-06,SVK,74,199,2018,WSH,2,15,46
Joel Farabee,PHI,L,24,2000-02-25,USA,72,183,2018,PHI,1,14,14
Philipp Kurashev,CHI,C,24,1999-10-12,CHE,72,190,2018,CHI,4,27,120
Quinn Hughes,VAN,D,24,1999-10-14,USA,70,180,2018,VAN,1,7,7
Brady Tkachuk,OTT,L,24,1999-09-16,USA,76,221,2018,OTT,1,4,4
Ryan McLeod,EDM,C,24,1999-09-21,CAN,74,207,2018,EDM,2,9,40
Evan Bouchard,EDM,D,24,1999-10-20,CAN,75,194,2018,EDM,1,10,10
Isac Lundestrom,ANA,C,24,1999-11-06,SWE,72,193,2018,ANA,1,23,23
Mattias Samuelsson,BUF,D,24,2000-03-14,USA,76,231,2018,BUF,2,1,32
Joe Veleno,DET,C,24,2000-01-13,CAN,73,203,2018,DET,1,30,30
Nicolas Beaudin,CHI,D,24,1999-10-09,CAN,71,168,2018,CHI,1,27,27
K'Andre Miller,NYR,D,24,2000-01-21,USA,77,215,2018,NYR,1,22,22
Filip Zadina,DET,R,24,1999-11-27,CZE,72,190,2018,DET,1,6,6
Martin Kaut,COL,R,24,1999-10-02,CZE,74,190,2018,COL,1,16,16
Alexander Alexeyev,WSH,D,24,1999-11-15,RUS,76,213,2018,WSH,1,31,31
Jesperi Kotkaniemi,CAR,C,23,2000-07-06,FIN,74,201,2018,MTL,1,3,3
Andrei Svechnikov,CAR,R,23,2000-03-26,RUS,74,195,2018,CAR,1,2,2
Alec Regula,CHI,D,23,2000-08-06,USA,76,208,2018,DET,3,5,67
Jack Drury,CAR,C,24,2000-02-03,USA,71,174,2018,CAR,2,11,42
Rasmus Dahlin,BUF,D,23,2000-04-13,SWE,75,202,2018,BUF,1,1,1
Filip Hallander,PIT,C,23,2000-06-29,SWE,73,190,2018,PIT,2,27,58
Grigori Denisenko,FLA,L,23,2000-06-24,RUS,71,186,2018,FLA,1,15,15
Rasmus Kupari,L.A,C,24,2000-03-15,FIN,74,200,2018,L.A,1,20,20
Sampo Ranta,COL,L,23,2000-05-31,FIN,74,195,2018,COL,3,16,78
Ryan Merkley,S.J,D,23,2000-08-14,CAN,72,186,2018,S.J,1,21,21
Ty Dellandrea,DAL,C,23,2000-07-21,CAN,73,195,2018,DAL,1,13,13
Barrett Hayton,ARI,C,23,2000-06-09,CAN,73,207,2018,ARI,1,5,5
Liam Foudy,CBJ,C,24,2000-02-04,CAN,74,188,2018,CBJ,1,18,18
Jack McBain,ARI,C,24,2000-01-06,CAN,75,201,2018,MIN,3,1,63
Cameron Hillis,MTL,C,23,2000-06-24,CAN,69,175,2018,MTL,3,4,66
Kevin Bahl,N.J,D,23,2000-06-27,CAN,78,230,-,-,-,-,-
Gabriel Fortier,T.B,L,24,2000-02-06,CAN,70,177,2018,T.B,2,28,59
Noah Dobson,NYI,D,24,2000-01-07,CAN,76,194,2018,NYI,1,12,12
Benoit-Olivier Groulx,ANA,C,24,2000-02-06,CAN,74,200,2018,ANA,2,23,54
Adam Boqvist,CBJ,D,23,2000-08-15,SWE,72,182,2018,CHI,1,8,8
Rasmus Sandin,TOR,D,24,2000-03-07,SWE,71,182,2018,TOR,1,29,29
Nils Lundkvist,NYR,D,23,2000-07-27,SWE,71,190,2018,NYR,1,28,28
Jacob Bernard-Docker,OTT,D,23,2000-06-30,CAN,72,190,2018,OTT,1,26,26
Ty Smith,N.J,D,24,2000-03-24,CAN,71,180,2018,N.J,1,17,17
Calen Addison,MIN,D,23,2000-04-11,CAN,71,173,2018,PIT,2,22,53
Jordan Harris,MTL,D,23,2000-07-07,USA,71,189,2018,MTL,3,9,71
Jan Jenik,ARI,R,23,2000-09-15,CZE,73,185,2018,ARI,3,3,65
Karson Kuhlman,"BOS, SEA",C,28,1995-09-26,USA,70,184,-,-,-,-,-
Jordan Gross,COL,D,28,1995-05-09,USA,70,190,-,-,-,-,-
Juuso Riikola,PIT,D,30,1993-11-09,FIN,72,189,-,-,-,-,-
Ilya Lyubushkin,"ARI, TOR",D,29,1994-04-06,RUS,74,200,-,-,-,-,-
Nathan Smith,ARI,C,25,1998-10-19,USA,72,177,2018,WPG,3,29,91
Connor Dewar,MIN,C,24,1999-06-26,CAN,70,183,2018,MIN,3,30,92
Riley Damiani,DAL,C,24,2000-03-20,CAN,70,180,2018,DAL,5,13,137
Declan Chisholm,WPG,D,24,2000-01-12,CAN,73,185,2018,WPG,5,26,150
Hunter Drew,ANA,D,25,1998-10-21,CAN,74,191,2018,ANA,6,23,178
Josiah Slavin,CHI,L,25,1998-12-31,USA,75,189,2018,CHI,7,7,193
Alexander Romanov,MTL,D,24,2000-01-06,RUS,73,215,2018,MTL,2,7,38
David Gustafsson,WPG,C,23,2000-04-11,SWE,74,212,2018,WPG,2,29,60
Paul Cotter,VGK,C,24,1999-11-16,USA,74,212,2018,VGK,4,22,115
Jesse Ylonen,MTL,R,24,1999-10-03,USA,73,188,2018,MTL,2,4,35
Scott Perunovich,STL,D,25,1998-08-18,USA,70,175,2018,STL,2,14,45
Jasper Weatherby,S.J,C,26,1998-01-22,USA,76,222,2018,S.J,4,9,102
Yegor Sharangovich,N.J,C,25,1998-06-06,BLR,74,196,2018,N.J,5,17,141
John Leonard,S.J,L,25,1998-08-07,USA,71,196,2018,S.J,6,27,182
Rafael Harvey-Pinard,MTL,L,25,1999-01-06,CAN,69,181,2019,MTL,7,15,201
Egor Sokolov,OTT,L,23,2000-06-07,RUS,75,222,-,-,-,-,-
Simon Benoit,ANA,D,25,1998-09-19,CAN,75,203,-,-,-,-,-
Cole Reinhardt,OTT,L,24,2000-02-01,CAN,72,200,2020,OTT,6,26,181
Reese Johnson,CHI,C,25,1998-07-10,CAN,73,193,-,-,-,-,-
Jake Christiansen,CBJ,D,24,1999-09-12,CAN,72,193,-,-,-,-,-
Brayden Pachal,VGK,D,24,1999-08-23,CAN,74,203,-,-,-,-,-
Egor Zamula,PHI,D,23,2000-03-30,RUS,75,177,-,-,-,-,-
Logan O'Connor,COL,R,27,1996-08-14,USA,72,175,-,-,-,-,-
Samuel Fagemo,L.A,L,24,2000-03-14,SWE,72,200,2019,L.A,2,19,50
Taro Hirose,DET,L,27,1996-06-30,CAN,70,162,-,-,-,-,-
Joe Snively,WSH,C,28,1996-01-01,USA,69,176,-,-,-,-,-
Corey Schueneman,MTL,D,28,1995-09-02,USA,71,197,-,-,-,-,-
Nico Sturm,"COL, MIN",C,28,1995-05-03,DEU,75,209,-,-,-,-,-
Blake Lizotte,L.A,C,26,1997-12-13,USA,69,170,-,-,-,-,-
Jon Lizotte,MIN,D,29,1994-11-10,USA,73,212,-,-,-,-,-
Brett Leason,WSH,R,24,1999-04-30,CAN,77,218,2019,WSH,2,25,56
Nolan Foote,N.J,L,23,2000-11-29,USA,75,196,2019,T.B,1,27,27
Ronnie Attard,PHI,D,25,1999-03-20,USA,75,208,2019,PHI,3,10,72
Peyton Krebs,"BUF, VGK",C,23,2001-01-26,CAN,72,187,2019,VGK,1,17,17
Kirby Dach,CHI,C,23,2001-01-21,CAN,76,212,2019,CHI,1,3,3
Bowen Byram,COL,D,22,2001-06-13,CAN,73,190,2019,COL,1,4,4
Kaedan Korczak,VGK,D,23,2001-01-29,CAN,75,202,2019,VGK,2,10,41
Dylan Cozens,BUF,C,23,2001-02-09,CAN,75,195,2019,BUF,1,7,7
Brayden Tracey,ANA,L,22,2001-05-28,CAN,72,177,2019,ANA,1,29,29
Alex Turcotte,L.A,C,23,2001-02-26,USA,71,185,2019,L.A,1,5,5
Trevor Zegras,ANA,C,23,2001-03-20,USA,72,185,2019,ANA,1,9,9
Nils Hoglander,VAN,L,23,2000-12-20,SWE,69,185,2019,VAN,2,9,40
Nikita Okhotiuk,N.J,D,23,2000-12-04,RUS,73,195,2019,N.J,2,30,61
Cole Caufield,MTL,R,23,2001-01-02,USA,67,174,2019,MTL,1,15,15
Moritz Seider,DET,D,22,2001-04-06,DEU,76,204,2019,DET,1,6,6
Cam York,PHI,D,23,2001-01-05,USA,71,175,2019,PHI,1,14,14
Adam Beckman,MIN,L,22,2001-05-10,CAN,74,182,2019,MIN,3,13,75
Artemi Kniazev,S.J,D,23,2001-01-04,RUS,71,178,2019,S.J,2,17,48
Bobby Brink,PHI,R,22,2001-07-08,USA,68,166,2019,PHI,2,3,34
Kaapo Kakko,NYR,R,23,2001-02-13,FIN,74,206,2019,NYR,1,2,2
Mattias Norlinder,MTL,D,23,2000-04-12,SWE,72,185,2019,MTL,3,2,64
Matt Boldy,MIN,L,22,2001-04-05,USA,74,201,2019,MIN,1,12,12
Jack Hughes,N.J,C,22,2001-05-14,USA,71,175,2019,N.J,1,1,1
Arthur Kaliyev,L.A,R,22,2001-06-26,USA,74,210,2019,L.A,2,2,33
Alex Vlasic,CHI,D,22,2001-06-05,USA,78,199,2019,CHI,2,12,43
Ville Heinola,WPG,D,23,2001-02-03,FIN,71,181,2019,WPG,1,20,20
Lassi Thomson,OTT,D,23,2000-09-24,FIN,72,190,2019,OTT,1,19,19
Philip Tomasino,NSH,C,22,2001-07-28,CAN,72,179,2019,NSH,1,24,24
Connor McMichael,WSH,C,23,2001-01-15,CAN,72,180,2019,WSH,1,25,25
Thomas Harley,DAL,D,22,2001-08-19,USA,75,205,2019,DAL,1,18,18
Nicholas Robertson,TOR,L,22,2001-09-11,USA,69,183,2019,TOR,2,22,53
Shane Pinto,OTT,C,23,2000-11-12,USA,75,201,2019,OTT,2,1,32
Philip Broberg,EDM,D,22,2001-06-25,SWE,75,199,2019,EDM,1,8,8
Victor Soderstrom,ARI,D,23,2001-02-26,SWE,71,184,2019,ARI,1,11,11
Tobias Bjornfot,L.A,D,22,2001-04-06,SWE,72,200,2019,L.A,1,22,22
Pavel Dorofeyev,VGK,L,23,2000-10-26,RUS,73,194,2019,VGK,3,17,79
Jordan Spence,L.A,D,23,2001-02-24,AUS,70,180,2019,L.A,4,2,95
Vladislav Kolyachonok,ARI,D,22,2001-05-26,BLR,73,193,2019,FLA,2,21,52
Vasily Podkolzin,VAN,R,22,2001-06-24,RUS,73,190,2019,VAN,1,10,10
Alex Newhook,COL,C,23,2001-01-28,CAN,70,190,2019,COL,1,16,16
Ilya Mikheyev,TOR,R,29,1994-10-10,RUS,74,192,-,-,-,-,-
Arttu Ruotsalainen,BUF,C,26,1997-10-29,FIN,68,187,-,-,-,-,-
Joel Kiviranta,DAL,L,28,1996-03-23,FIN,71,185,-,-,-,-,-
Cole Schwindt,FLA,C,22,2001-04-25,CAN,74,182,2019,FLA,3,19,81
Aliaksei Protas,WSH,C,23,2001-01-06,BLR,78,225,2019,WSH,3,29,91
Viktor Lodin,OTT,C,24,1999-06-02,SWE,74,185,2019,OTT,4,1,94
Santeri Hatakka,S.J,D,23,2001-01-15,FIN,73,191,2019,S.J,6,29,184
Valtteri Puustinen,PIT,R,24,1999-06-04,FIN,69,183,2019,PIT,7,17,203
Zac Jones,NYR,D,23,2000-10-18,USA,70,178,2019,NYR,3,6,68
Matias Maccelli,ARI,L,23,2000-10-14,FIN,71,176,2019,ARI,4,5,98
Nicholas Abruzzese,TOR,C,24,1999-06-04,USA,71,183,2019,TOR,4,31,124
Tyce Thompson,N.J,R,24,1999-07-12,CAN,73,175,2019,N.J,4,3,96
Bryce Kindopp,ANA,R,24,1999-06-14,CAN,73,185,-,-,-,-,-
Ben McCartney,ARI,L,22,2001-07-13,CAN,72,182,2020,ARI,7,18,204
Zachary Hayes,VGK,D,24,1999-04-24,CAN,75,219,-,-,-,-,-
Drew O'Connor,PIT,L,25,1998-06-09,USA,75,200,-,-,-,-,-
Brandon Biro,BUF,L,26,1998-03-11,CAN,71,170,-,-,-,-,-
Cole Smith,NSH,L,28,1995-10-28,USA,75,195,-,-,-,-,-
Connor Mackey,CGY,D,27,1996-09-12,USA,74,197,-,-,-,-,-
Mitchell Chaffee,MIN,R,26,1998-01-26,USA,73,201,-,-,-,-,-
Jack Ahcan,BOS,D,26,1997-05-18,USA,68,180,-,-,-,-,-
Braden Schneider,NYR,D,22,2001-09-20,CAN,75,208,2020,NYR,1,19,19
Lucas Raymond,DET,L,21,2002-03-28,SWE,71,176,2020,DET,1,4,4
Marco Rossi,MIN,C,22,2001-09-23,AUT,69,182,2020,MIN,1,9,9
Jake Neighbours,STL,L,21,2002-03-29,CAN,72,201,2020,STL,1,26,26
Seth Jarvis,CAR,C,22,2002-02-01,CAN,70,175,2020,CAR,1,13,13
Jack Quinn,BUF,R,22,2001-09-19,CAN,73,185,2020,BUF,1,8,8
Alexis Lafreni√®re,NYR,L,22,2001-10-11,CAN,73,195,2020,NYR,1,1,1
Dawson Mercer,N.J,C,22,2001-10-27,CAN,72,180,2020,N.J,1,18,18
Justin Barron,"COL, MTL",D,22,2001-11-15,CAN,74,201,2020,COL,1,25,25
Anton Lundell,FLA,C,22,2001-10-03,FIN,73,185,2020,FLA,1,12,12
Tim St√ºtzle,OTT,L,22,2002-01-15,DEU,72,193,2020,OTT,1,3,3
Lukas Reichel,CHI,L,21,2002-05-17,DEU,72,170,2020,CHI,1,17,17
Quinton Byfield,L.A,C,21,2002-08-19,CAN,77,220,2020,L.A,1,2,2
Alexander Holtz,N.J,R,22,2002-01-23,SWE,72,195,2020,N.J,1,7,7
Thomas Bordeleau,S.J,C,22,2002-01-03,USA,70,175,2020,S.J,2,7,38
Jamie Drysdale,ANA,D,21,2002-04-08,CAN,71,183,2020,ANA,1,6,6
Hendrix Lapierre,WSH,C,22,2002-02-09,CAN,72,180,2020,WSH,1,22,22
Cole Perfetti,WPG,C,22,2002-01-01,CAN,71,184,2020,WPG,1,10,10
Jacob Perreault,ANA,R,21,2002-04-15,CAN,71,192,2020,ANA,1,27,27
JJ Peterka,BUF,R,22,2002-01-14,DEU,72,189,2020,BUF,2,3,34
Isaak Phillips,CHI,D,22,2001-09-28,CAN,75,205,2020,CHI,5,17,141
Adam Raska,S.J,R,22,2001-09-25,CZE,70,178,2020,S.J,7,15,201
Alexander Barabanov,S.J,L,29,1994-06-17,RUS,70,195,-,-,-,-,-
Radim Zohorna,PIT,L,27,1996-04-29,CZE,78,220,-,-,-,-,-
Linus Sandin,PHI,R,27,1996-05-19,SWE,73,209,-,-,-,-,-
Artem Zub,OTT,D,28,1995-10-03,RUS,74,200,-,-,-,-,-
Jeff Malott,WPG,L,27,1996-08-07,CAN,75,201,-,-,-,-,-
Yegor Chinakhov,CBJ,R,23,2001-02-01,RUS,73,204,2020,CBJ,1,21,21
Daniil Miromanov,VGK,D,26,1997-07-11,RUS,76,200,-,-,-,-,-
Alex Steeves,TOR,C,24,1999-12-10,USA,72,196,-,-,-,-,-
Mike Hardman,CHI,L,25,1999-02-05,USA,74,205,-,-,-,-,-
Matt Kiersted,FLA,D,25,1998-04-14,USA,72,181,-,-,-,-,-
Walker Duehr,CGY,R,26,1997-11-23,USA,74,210,-,-,-,-,-
Jackson Cates,PHI,C,26,1997-09-28,USA,72,190,-,-,-,-,-
Janis Moser,ARI,D,23,2000-06-06,CHE,73,173,2021,ARI,2,28,60
Kent Johnson,CBJ,C,21,2002-10-18,CAN,72,175,2021,CBJ,1,5,5
Matty Beniers,SEA,C,21,2002-11-05,USA,74,178,2021,SEA,1,2,2
William Eklund,S.J,"C, L",21,2002-10-12,SWE,71,181,2021,S.J,1,7,7
Owen Power,BUF,D,21,2002-11-22,CAN,78,218,2021,BUF,1,1,1
Cole Sillinger,CBJ,C,20,2003-05-16,USA,73,201,2021,CBJ,1,12,12
Mason McTavish,ANA,C,21,2003-01-30,CHE,72,213,2021,ANA,1,3,3
Kirill Semyonov,TOR,C,29,1994-10-27,RUS,72,171,-,-,-,-,-
Jesper Froden,BOS,R,29,1994-09-21,SWE,70,179,-,-,-,-,-
Marc McLaughlin,BOS,C,24,1999-07-26,USA,72,203,-,-,-,-,-
Nick Blankenburg,CBJ,D,25,1998-05-12,USA,69,177,-,-,-,-,-
Ben Meyers,COL,C,25,1998-11-15,USA,71,194,-,-,-,-,-
